{
	"credit": "Made with Blockbench",
	"textures": {
		"0": "block/andesite",
		"1": "block/polished_andesite",
		"3": "block/smooth_stone",
		"4": "block/gold_block",
		"5": "block/anvil",
		"7": "item/ruby",
		"particle": "block/andesite"
	},
	"elements": [
		{
			"from": [1, 1, 1],
			"to": [15, 2, 15],
			"rotation": {"angle": 0, "axis": "y", "origin": [8, 9, 8]},
			"faces": {
				"north": {"uv": [0, 0, 16, 1], "texture": "#1"},
				"east": {"uv": [0, 15, 16, 16], "texture": "#1"},
				"south": {"uv": [0, 15, 16, 16], "texture": "#1"},
				"west": {"uv": [0, 0, 16, 1], "texture": "#1"},
				"up": {"uv": [1, 1, 15, 15], "texture": "#1"},
				"down": {"uv": [0, 0, 16, 16], "texture": "#1"}
			}
		},
		{
			"from": [0, 0, 0],
			"to": [16, 1, 16],
			"faces": {
				"north": {"uv": [0, 15, 16, 16], "texture": "#1"},
				"east": {"uv": [0, 15, 16, 16], "texture": "#1"},
				"south": {"uv": [0, 0, 16, 1], "texture": "#1"},
				"west": {"uv": [0, 0, 16, 1], "texture": "#1"},
				"up": {"uv": [0, 0, 16, 16], "rotation": 270, "texture": "#1"},
				"down": {"uv": [0, 0, 16, 16], "rotation": 90, "texture": "#1"}
			}
		},
		{
			"from": [2, 2, 2],
			"to": [14, 8, 14],
			"rotation": {"angle": 0, "axis": "y", "origin": [10, 8, 10]},
			"faces": {
				"north": {"uv": [0, 0, 12, 8], "texture": "#0"},
				"east": {"uv": [4, 0, 16, 8], "texture": "#0"},
				"south": {"uv": [0, 8, 12, 16], "texture": "#0"},
				"west": {"uv": [4, 4, 16, 12], "texture": "#0"}
			}
		},
		{
			"from": [0, 8, 0],
			"to": [16, 9, 16],
			"rotation": {"angle": 0, "axis": "y", "origin": [8, 16, 8]},
			"faces": {
				"north": {"uv": [0, 0, 16, 1], "texture": "#3"},
				"east": {"uv": [0, 0, 16, 1], "texture": "#3"},
				"south": {"uv": [0, 0, 16, 1], "texture": "#3"},
				"west": {"uv": [0, 0, 16, 1], "texture": "#3"},
				"up": {"uv": [0, 0, 16, 16], "texture": "#3"},
				"down": {"uv": [0, 0, 16, 16], "texture": "#3"}
			}
		},
		{
			"from": [5, 3.5, 1.5],
			"to": [11, 6.5, 2],
			"rotation": {"angle": 0, "axis": "y", "origin": [13, 12, 9]},
			"faces": {
				"north": {"uv": [1, 1, 7, 4], "texture": "#4"},
				"east": {"uv": [0, 0, 0.5, 3], "texture": "#4"},
				"west": {"uv": [0, 0, 0.5, 3], "texture": "#4"},
				"up": {"uv": [3, 1, 9, 2], "texture": "#4"},
				"down": {"uv": [10, 15, 16, 15.5], "texture": "#4"}
			}
		},
		{
			"from": [1, 7, 1],
			"to": [3, 8, 3],
			"rotation": {"angle": 0, "axis": "y", "origin": [9, 15, 9]},
			"faces": {
				"north": {"uv": [0, 0, 2, 1], "texture": "#1"},
				"east": {"uv": [0, 0, 2, 1], "texture": "#1"},
				"south": {"uv": [0, 0, 2, 1], "texture": "#1"},
				"west": {"uv": [0, 0, 2, 1], "texture": "#1"},
				"down": {"uv": [0, 0, 2, 2], "texture": "#1"}
			}
		},
		{
			"from": [13, 7, 1],
			"to": [15, 8, 3],
			"rotation": {"angle": 0, "axis": "y", "origin": [21, 15, 9]},
			"faces": {
				"north": {"uv": [0, 0, 2, 1], "texture": "#1"},
				"east": {"uv": [0, 0, 2, 1], "texture": "#1"},
				"south": {"uv": [0, 0, 2, 1], "texture": "#1"},
				"west": {"uv": [0, 0, 2, 1], "texture": "#1"},
				"down": {"uv": [0, 0, 2, 2], "texture": "#1"}
			}
		},
		{
			"from": [13, 7, 13],
			"to": [15, 8, 15],
			"rotation": {"angle": 0, "axis": "y", "origin": [21, 15, 21]},
			"faces": {
				"north": {"uv": [0, 0, 2, 1], "texture": "#1"},
				"east": {"uv": [0, 0, 2, 1], "texture": "#1"},
				"south": {"uv": [0, 0, 2, 1], "texture": "#1"},
				"west": {"uv": [0, 0, 2, 1], "texture": "#1"},
				"down": {"uv": [0, 0, 2, 2], "texture": "#1"}
			}
		},
		{
			"from": [1, 7, 13],
			"to": [3, 8, 15],
			"rotation": {"angle": 0, "axis": "y", "origin": [9, 15, 21]},
			"faces": {
				"north": {"uv": [0, 0, 2, 1], "texture": "#1"},
				"east": {"uv": [0, 0, 2, 1], "texture": "#1"},
				"south": {"uv": [0, 0, 2, 1], "texture": "#1"},
				"west": {"uv": [0, 0, 2, 1], "texture": "#1"},
				"down": {"uv": [0, 0, 2, 2], "texture": "#1"}
			}
		},
		{
			"from": [12.5, 9, 3.25],
			"to": [13.5, 10, 4.25],
			"rotation": {"angle": 0, "axis": "y", "origin": [20.5, 17, 11.25]},
			"faces": {
				"north": {"uv": [0, 0, 1, 1], "texture": "#5"},
				"east": {"uv": [0, 0, 1, 1], "texture": "#5"},
				"south": {"uv": [0, 0, 1, 1], "texture": "#5"},
				"west": {"uv": [0, 0, 1, 1], "texture": "#5"},
				"up": {"uv": [0, 0, 1, 1], "texture": "#5"},
				"down": {"uv": [0, 0, 1, 1], "texture": "#missing"}
			}
		},
		{
			"from": [9.5, 9, 3.25],
			"to": [10.5, 10, 4.25],
			"rotation": {"angle": 0, "axis": "y", "origin": [17.5, 17, 11.25]},
			"faces": {
				"north": {"uv": [0, 0, 1, 1], "texture": "#5"},
				"east": {"uv": [0, 0, 1, 1], "texture": "#5"},
				"south": {"uv": [0, 0, 1, 1], "texture": "#5"},
				"west": {"uv": [0, 0, 1, 1], "texture": "#5"},
				"up": {"uv": [0, 0, 1, 1], "texture": "#5"},
				"down": {"uv": [0, 0, 1, 1], "texture": "#missing"}
			}
		},
		{
			"from": [9.5, 9, 7.25],
			"to": [10.5, 10, 8.25],
			"rotation": {"angle": 0, "axis": "y", "origin": [17.5, 17, 15.25]},
			"faces": {
				"north": {"uv": [0, 0, 1, 1], "texture": "#5"},
				"east": {"uv": [0, 0, 1, 1], "texture": "#5"},
				"south": {"uv": [0, 0, 1, 1], "texture": "#5"},
				"west": {"uv": [0, 0, 1, 1], "texture": "#5"},
				"up": {"uv": [0, 0, 1, 1], "texture": "#5"},
				"down": {"uv": [0, 0, 1, 1], "texture": "#missing"}
			}
		},
		{
			"from": [13.5, 9, 4.25],
			"to": [14.5, 10, 7.25],
			"rotation": {"angle": 0, "axis": "y", "origin": [21.5, 17, 12.25]},
			"faces": {
				"north": {"uv": [0, 0, 1, 1], "texture": "#5"},
				"east": {"uv": [0, 0, 3, 1], "texture": "#5"},
				"south": {"uv": [0, 0, 1, 1], "texture": "#5"},
				"west": {"uv": [0, 0, 3, 1], "texture": "#5"},
				"up": {"uv": [0, 0, 1, 3], "texture": "#5"},
				"down": {"uv": [0, 0, 1, 3], "texture": "#missing"}
			}
		},
		{
			"from": [8.5, 9, 4.25],
			"to": [9.5, 10, 7.25],
			"rotation": {"angle": 0, "axis": "y", "origin": [16.5, 17, 12.25]},
			"faces": {
				"north": {"uv": [0, 0, 1, 1], "texture": "#5"},
				"east": {"uv": [0, 0, 3, 1], "texture": "#5"},
				"south": {"uv": [0, 0, 1, 1], "texture": "#5"},
				"west": {"uv": [0, 0, 3, 1], "texture": "#5"},
				"up": {"uv": [0, 0, 1, 3], "texture": "#5"},
				"down": {"uv": [0, 0, 1, 3], "texture": "#missing"}
			}
		},
		{
			"from": [12.5, 9, 7.25],
			"to": [13.5, 10, 8.25],
			"rotation": {"angle": 0, "axis": "y", "origin": [20.5, 17, 15.25]},
			"faces": {
				"north": {"uv": [0, 0, 1, 1], "texture": "#5"},
				"east": {"uv": [0, 0, 1, 1], "texture": "#5"},
				"south": {"uv": [0, 0, 1, 1], "texture": "#5"},
				"west": {"uv": [0, 0, 1, 1], "texture": "#5"},
				"up": {"uv": [0, 0, 1, 1], "texture": "#5"},
				"down": {"uv": [0, 0, 1, 1], "texture": "#missing"}
			}
		},
		{
			"from": [10.5, 9, 8.25],
			"to": [12.5, 10, 9.25],
			"rotation": {"angle": 0, "axis": "y", "origin": [18.5, 17, 16.25]},
			"faces": {
				"north": {"uv": [0, 0, 2, 1], "texture": "#5"},
				"east": {"uv": [0, 0, 1, 1], "texture": "#5"},
				"south": {"uv": [0, 0, 2, 1], "texture": "#5"},
				"west": {"uv": [0, 0, 1, 1], "texture": "#5"},
				"up": {"uv": [0, 0, 2, 1], "texture": "#5"},
				"down": {"uv": [0, 0, 2, 1], "texture": "#missing"}
			}
		},
		{
			"from": [2, 9, 10],
			"to": [6, 16, 14],
			"rotation": {"angle": 0, "axis": "y", "origin": [10, 17, 21]},
			"faces": {
				"north": {"uv": [7, 0, 11, 7], "texture": "#3"},
				"east": {"uv": [5, 0, 9, 7], "texture": "#3"},
				"south": {"uv": [1, 0, 5, 7], "texture": "#3"},
				"west": {"uv": [3, 0, 7, 7], "texture": "#3"},
				"up": {"uv": [1, 1, 5, 5], "texture": "#3"},
				"down": {"uv": [0, 0, 4, 4], "texture": "#missing"}
			}
		},
		{
			"name": "ruby_0",
			"from": [3.8, 10.4, 8.2],
			"to": [6.8, 18.4, 8.8],
			"rotation": {"angle": 22.5, "axis": "x", "origin": [5, 14, 4]},
			"faces": {
				"north": {"uv": [6, 2, 11, 15], "rotation": 180, "texture": "#7"},
				"east": {"uv": [10, 2, 11, 15], "rotation": 180, "texture": "#7"},
				"south": {"uv": [6, 15, 11, 2], "texture": "#7"},
				"west": {"uv": [6, 2, 7, 15], "rotation": 180, "texture": "#7"},
				"up": {"uv": [6, 14, 11, 15], "texture": "#7"},
				"down": {"uv": [11, 2, 6, 3], "rotation": 180, "texture": "#7"}
			}
		},
		{
			"name": "ruby_1",
			"from": [3.2, 11, 8.2],
			"to": [3.8, 19, 8.8],
			"rotation": {"angle": 22.5, "axis": "x", "origin": [5, 14, 4]},
			"faces": {
				"north": {"uv": [5, 3, 6, 14], "rotation": 180, "texture": "#7"},
				"east": {"uv": [5, 3, 6, 14], "rotation": 180, "texture": "#7"},
				"south": {"uv": [5, 14, 6, 3], "texture": "#7"},
				"west": {"uv": [5, 3, 6, 14], "rotation": 180, "texture": "#7"},
				"up": {"uv": [5, 13, 6, 14], "texture": "#7"},
				"down": {"uv": [6, 3, 5, 4], "rotation": 180, "texture": "#7"}
			}
		},
		{
			"name": "ruby_2",
			"from": [6.8, 11, 8.2],
			"to": [7.4, 19, 8.8],
			"rotation": {"angle": 22.5, "axis": "x", "origin": [5, 14, 4]},
			"faces": {
				"north": {"uv": [11, 3, 12, 14], "rotation": 180, "texture": "#7"},
				"east": {"uv": [11, 3, 12, 14], "rotation": 180, "texture": "#7"},
				"south": {"uv": [11, 14, 12, 3], "texture": "#7"},
				"west": {"uv": [11, 3, 12, 14], "rotation": 180, "texture": "#7"},
				"up": {"uv": [11, 13, 12, 14], "texture": "#7"},
				"down": {"uv": [12, 3, 11, 4], "rotation": 180, "texture": "#7"}
			}
		},
		{
			"name": "ruby_3",
			"from": [2.6, 11.6, 8.2],
			"to": [3.2, 19.6, 8.8],
			"rotation": {"angle": 22.5, "axis": "x", "origin": [5, 14, 4]},
			"faces": {
				"north": {"uv": [4, 4, 5, 13], "rotation": 180, "texture": "#7"},
				"east": {"uv": [4, 4, 5, 13], "rotation": 180, "texture": "#7"},
				"south": {"uv": [4, 13, 5, 4], "texture": "#7"},
				"west": {"uv": [4, 4, 5, 13], "rotation": 180, "texture": "#7"},
				"up": {"uv": [4, 12, 5, 13], "texture": "#7"},
				"down": {"uv": [5, 4, 4, 5], "rotation": 180, "texture": "#7"}
			}
		},
		{
			"name": "ruby_4",
			"from": [7.4, 11.6, 8.2],
			"to": [8, 19.6, 8.8],
			"rotation": {"angle": 22.5, "axis": "x", "origin": [5, 14, 4]},
			"faces": {
				"north": {"uv": [12, 4, 13, 13], "rotation": 180, "texture": "#7"},
				"east": {"uv": [12, 4, 13, 13], "rotation": 180, "texture": "#7"},
				"south": {"uv": [12, 13, 13, 4], "texture": "#7"},
				"west": {"uv": [12, 4, 13, 13], "rotation": 180, "texture": "#7"},
				"up": {"uv": [12, 12, 13, 13], "texture": "#7"},
				"down": {"uv": [13, 4, 12, 5], "rotation": 180, "texture": "#7"}
			}
		},
		{
			"name": "ruby_5",
			"from": [2, 12.2, 8.2],
			"to": [2.6, 20.2, 8.8],
			"rotation": {"angle": 22.5, "axis": "x", "origin": [5, 14, 4]},
			"faces": {
				"north": {"uv": [3, 5, 4, 12], "rotation": 180, "texture": "#7"},
				"east": {"uv": [3, 5, 4, 12], "rotation": 180, "texture": "#7"},
				"south": {"uv": [3, 12, 4, 5], "texture": "#7"},
				"west": {"uv": [3, 5, 4, 12], "rotation": 180, "texture": "#7"},
				"up": {"uv": [3, 11, 4, 12], "texture": "#7"},
				"down": {"uv": [4, 5, 3, 6], "rotation": 180, "texture": "#7"}
			}
		},
		{
			"name": "ruby_6",
			"from": [8, 12.2, 8.2],
			"to": [8.6, 20.2, 8.8],
			"rotation": {"angle": 22.5, "axis": "x", "origin": [5, 14, 4]},
			"faces": {
				"north": {"uv": [13, 5, 14, 12], "rotation": 180, "texture": "#7"},
				"east": {"uv": [13, 5, 14, 12], "rotation": 180, "texture": "#7"},
				"south": {"uv": [13, 12, 14, 5], "texture": "#7"},
				"west": {"uv": [13, 5, 14, 12], "rotation": 180, "texture": "#7"},
				"up": {"uv": [13, 11, 14, 12], "texture": "#7"},
				"down": {"uv": [14, 5, 13, 6], "rotation": 180, "texture": "#7"}
			}
		},
		{
			"name": "ruby_7",
			"from": [1.4, 12.8, 8.2],
			"to": [2, 20.8, 8.8],
			"rotation": {"angle": 22.5, "axis": "x", "origin": [5, 14, 4]},
			"faces": {
				"north": {"uv": [2, 6, 3, 11], "rotation": 180, "texture": "#7"},
				"east": {"uv": [2, 6, 3, 11], "rotation": 180, "texture": "#7"},
				"south": {"uv": [2, 11, 3, 6], "texture": "#7"},
				"west": {"uv": [2, 6, 3, 11], "rotation": 180, "texture": "#7"},
				"up": {"uv": [2, 10, 3, 11], "texture": "#7"},
				"down": {"uv": [3, 6, 2, 7], "rotation": 180, "texture": "#7"}
			}
		},
		{
			"name": "ruby_8",
			"from": [8.6, 12.8, 8.2],
			"to": [9.2, 20.8, 8.8],
			"rotation": {"angle": 22.5, "axis": "x", "origin": [5, 14, 4]},
			"faces": {
				"north": {"uv": [14, 6, 15, 11], "rotation": 180, "texture": "#7"},
				"east": {"uv": [14, 6, 15, 11], "rotation": 180, "texture": "#7"},
				"south": {"uv": [14, 11, 15, 6], "texture": "#7"},
				"west": {"uv": [14, 6, 15, 11], "rotation": 180, "texture": "#7"},
				"up": {"uv": [14, 10, 15, 11], "texture": "#7"},
				"down": {"uv": [15, 6, 14, 7], "rotation": 180, "texture": "#7"}
			}
		},
		{
			"from": [2.5, 9, 5.25],
			"to": [4.5, 10, 7.25],
			"rotation": {"angle": -45, "axis": "y", "origin": [11.5, 17, 14.25]},
			"faces": {
				"north": {"uv": [7, 7, 9, 8], "texture": "#7"},
				"east": {"uv": [8, 8, 10, 9], "texture": "#7"},
				"south": {"uv": [9, 4, 11, 5], "texture": "#7"},
				"west": {"uv": [9, 6, 11, 7], "texture": "#7"},
				"up": {"uv": [9, 5, 11, 7], "texture": "#7"},
				"down": {"uv": [0, 0, 2, 2], "texture": "#missing"}
			}
		},
		{
			"name": "ruby_0",
			"from": [7, 10.5, 11],
			"to": [7.5, 17, 13.5],
			"rotation": {"angle": 22.5, "axis": "z", "origin": [11, 13.5, 12]},
			"faces": {
				"north": {"uv": [6, 2, 7, 15], "rotation": 180, "texture": "#7"},
				"east": {"uv": [6, 2, 11, 15], "rotation": 180, "texture": "#7"},
				"south": {"uv": [10, 2, 11, 15], "rotation": 180, "texture": "#7"},
				"west": {"uv": [6, 15, 11, 2], "texture": "#7"},
				"up": {"uv": [6, 14, 11, 15], "rotation": 90, "texture": "#7"},
				"down": {"uv": [11, 2, 6, 3], "rotation": 90, "texture": "#7"}
			}
		},
		{
			"name": "ruby_1",
			"from": [7, 11, 10.5],
			"to": [7.5, 16.5, 11],
			"rotation": {"angle": 22.5, "axis": "z", "origin": [11, 13.5, 12]},
			"faces": {
				"north": {"uv": [5, 3, 6, 14], "rotation": 180, "texture": "#7"},
				"east": {"uv": [5, 3, 6, 14], "rotation": 180, "texture": "#7"},
				"south": {"uv": [5, 3, 6, 14], "rotation": 180, "texture": "#7"},
				"west": {"uv": [5, 14, 6, 3], "texture": "#7"},
				"up": {"uv": [5, 13, 6, 14], "rotation": 90, "texture": "#7"},
				"down": {"uv": [6, 3, 5, 4], "rotation": 90, "texture": "#7"}
			}
		},
		{
			"name": "ruby_2",
			"from": [7, 11, 13.5],
			"to": [7.5, 16.5, 14],
			"rotation": {"angle": 22.5, "axis": "z", "origin": [11, 13.5, 12]},
			"faces": {
				"north": {"uv": [11, 3, 12, 14], "rotation": 180, "texture": "#7"},
				"east": {"uv": [11, 3, 12, 14], "rotation": 180, "texture": "#7"},
				"south": {"uv": [11, 3, 12, 14], "rotation": 180, "texture": "#7"},
				"west": {"uv": [11, 14, 12, 3], "texture": "#7"},
				"up": {"uv": [11, 13, 12, 14], "rotation": 90, "texture": "#7"},
				"down": {"uv": [12, 3, 11, 4], "rotation": 90, "texture": "#7"}
			}
		},
		{
			"name": "ruby_3",
			"from": [7, 11.5, 10],
			"to": [7.5, 16, 10.5],
			"rotation": {"angle": 22.5, "axis": "z", "origin": [11, 13.5, 12]},
			"faces": {
				"north": {"uv": [4, 4, 5, 13], "rotation": 180, "texture": "#7"},
				"east": {"uv": [4, 4, 5, 13], "rotation": 180, "texture": "#7"},
				"south": {"uv": [4, 4, 5, 13], "rotation": 180, "texture": "#7"},
				"west": {"uv": [4, 13, 5, 4], "texture": "#7"},
				"up": {"uv": [4, 12, 5, 13], "rotation": 90, "texture": "#7"},
				"down": {"uv": [5, 4, 4, 5], "rotation": 90, "texture": "#7"}
			}
		},
		{
			"name": "ruby_4",
			"from": [7, 11.5, 14],
			"to": [7.5, 16, 14.5],
			"rotation": {"angle": 22.5, "axis": "z", "origin": [11, 13.5, 12]},
			"faces": {
				"north": {"uv": [12, 4, 13, 13], "rotation": 180, "texture": "#7"},
				"east": {"uv": [12, 4, 13, 13], "rotation": 180, "texture": "#7"},
				"south": {"uv": [12, 4, 13, 13], "rotation": 180, "texture": "#7"},
				"west": {"uv": [12, 13, 13, 4], "texture": "#7"},
				"up": {"uv": [12, 12, 13, 13], "rotation": 90, "texture": "#7"},
				"down": {"uv": [13, 4, 12, 5], "rotation": 90, "texture": "#7"}
			}
		},
		{
			"name": "ruby_5",
			"from": [7, 12, 9.5],
			"to": [7.5, 15.5, 10],
			"rotation": {"angle": 22.5, "axis": "z", "origin": [11, 13.5, 12]},
			"faces": {
				"north": {"uv": [3, 5, 4, 12], "rotation": 180, "texture": "#7"},
				"east": {"uv": [3, 5, 4, 12], "rotation": 180, "texture": "#7"},
				"south": {"uv": [3, 5, 4, 12], "rotation": 180, "texture": "#7"},
				"west": {"uv": [3, 12, 4, 5], "texture": "#7"},
				"up": {"uv": [3, 11, 4, 12], "rotation": 90, "texture": "#7"},
				"down": {"uv": [4, 5, 3, 6], "rotation": 90, "texture": "#7"}
			}
		},
		{
			"name": "ruby_6",
			"from": [7, 12, 14.5],
			"to": [7.5, 15.5, 15],
			"rotation": {"angle": 22.5, "axis": "z", "origin": [11, 13.5, 12]},
			"faces": {
				"north": {"uv": [13, 5, 14, 12], "rotation": 180, "texture": "#7"},
				"east": {"uv": [13, 5, 14, 12], "rotation": 180, "texture": "#7"},
				"south": {"uv": [13, 5, 14, 12], "rotation": 180, "texture": "#7"},
				"west": {"uv": [13, 12, 14, 5], "texture": "#7"},
				"up": {"uv": [13, 11, 14, 12], "rotation": 90, "texture": "#7"},
				"down": {"uv": [14, 5, 13, 6], "rotation": 90, "texture": "#7"}
			}
		},
		{
			"name": "ruby_7",
			"from": [7, 12.5, 9],
			"to": [7.5, 15, 9.5],
			"rotation": {"angle": 22.5, "axis": "z", "origin": [11, 13.5, 12]},
			"faces": {
				"north": {"uv": [2, 6, 3, 11], "rotation": 180, "texture": "#7"},
				"east": {"uv": [2, 6, 3, 11], "rotation": 180, "texture": "#7"},
				"south": {"uv": [2, 6, 3, 11], "rotation": 180, "texture": "#7"},
				"west": {"uv": [2, 11, 3, 6], "texture": "#7"},
				"up": {"uv": [2, 10, 3, 11], "rotation": 90, "texture": "#7"},
				"down": {"uv": [3, 6, 2, 7], "rotation": 90, "texture": "#7"}
			}
		},
		{
			"name": "ruby_8",
			"from": [7, 12.5, 15],
			"to": [7.5, 15, 15.5],
			"rotation": {"angle": 22.5, "axis": "z", "origin": [11, 13.5, 12]},
			"faces": {
				"north": {"uv": [14, 6, 15, 11], "rotation": 180, "texture": "#7"},
				"east": {"uv": [14, 6, 15, 11], "rotation": 180, "texture": "#7"},
				"south": {"uv": [14, 6, 15, 11], "rotation": 180, "texture": "#7"},
				"west": {"uv": [14, 11, 15, 6], "texture": "#7"},
				"up": {"uv": [14, 10, 15, 11], "rotation": 90, "texture": "#7"},
				"down": {"uv": [15, 6, 14, 7], "rotation": 90, "texture": "#7"}
			}
		}
	],
	"display": {
		"head": {
			"translation": [0, -17.6, 0],
			"scale": [3.2, 3.2, 3.2]
		}
	},
	"groups": [0, 1, 2, 3, 4, 5, 6, 7, 8, 9, 10, 11, 12, 13, 14, 15, 16,
		{
			"name": "ruby",
			"origin": [8, 8, 8],
			"children": [17, 18, 19, 20, 21, 22, 23, 24, 25]
		}, 26,
		{
			"name": "ruby",
			"origin": [8, 8, 8],
			"children": [27, 28, 29, 30, 31, 32, 33, 34, 35]
		}
	]
}