{
	"parent": "item/generated",
	"textures": {
		"layer0": "item/black_dye",
	},
	"overrides": [
		{
			"predicate": {
				"custom_model_data": 1
			},
			"model": "block/custom/guard_door"
		},
		{
			"predicate": {
				"custom_model_data": 2
			},
			"model": "block/custom/escape_door_closed"
		},
		{
			"predicate": {
				"custom_model_data": 3
			},
			"model": "block/custom/escape_door_left"
		},
		{
			"predicate": {
				"custom_model_data": 4
			},
			"model": "block/custom/escape_door_right"
		}
	]
}