{
    "parent": "item/generated",
    "textures": {
        "layer0": "item/yellow_dye"
    },
    "overrides": [
        {
            "predicate": {
                "custom_model_data": 1
            },
            "model": "item/custom/mask/lowest"
        },
        {
            "predicate": {
                "custom_model_data": 2
            },
            "model": "item/custom/mask/low"
        },
        {
            "predicate": {
                "custom_model_data": 3
            },
            "model": "item/custom/mask/mid"
        },
	{
            "predicate": {
                "custom_model_data": 4
            },
            "model": "item/custom/mask/high"
        },
        {
            "predicate": {
                "custom_model_data": 5
            },
            "model": "item/custom/mask/highest"
        }
    ]
}