{
	"credit": "Made with Blockbench",
	"parent": "menu/element",
	"texture_size": [1024, 1024],
	"textures": {
		"0": "menu/screen0/thief_tutorial",
		"particle": "menu/screen0/thief_tutorial"
	},
	"elements": [
		{
			"from": [-8, 18, 8],
			"to": [24, 32, 8],
			"rotation": {"angle": 0, "axis": "y", "origin": [7.9, 24, 16]},
			"faces": {
				"north": {"uv": [0, 0, 16, 7], "texture": "#0"}
			}
		}
	],
	"head": {
		"rotation": [0, -180, 0],
		"translation": [0, -30.4, 12.85],
		"scale": [1.6, 1.6, 1.6]
	}
}