{
	"credit": "Made with Blockbench",
	"textures": {
		"0": "item/custom/lower",
		"1": "item/custom/map",
		"particle": "item/custom/lower"
	},
	"elements": [
		{
			"name": "lower_0",
			"from": [0, 0, 0],
			"to": [16, 0.125, 16],
			"faces": {
				"up": {"uv": [0, 0, 16, 16], "texture": "#0"},
				"down": {"uv": [0, 16, 16, 0], "texture": "#1"}
			}
		}
	],
	"gui_light": "front",
	"display": {
		"thirdperson_righthand": {
			"rotation": [88, 0, 0],
			"translation": [0, 2, 3.5],
			"scale": [0, 0, 0]
		},
		"thirdperson_lefthand": {
			"rotation": [88, 0, 0],
			"translation": [0, 2, 3.5],
			"scale": [0, 0, 0]
		},
		"firstperson_righthand": {
			"rotation": [85, 0, 9],
			"translation": [16, 0, -9],
			"scale": [1.35, 1.35, 1.35]
		},
		"firstperson_lefthand": {
			"rotation": [85, 0, 9],
			"translation": [16, 0, -9],
			"scale": [1.35, 1.35, 1.35]
		},
		"ground": {
			"translation": [0, 1.75, 0],
			"scale": [0.57, 0.57, 0.57]
		},
		"gui": {
			"rotation": [-90, -180, 0],
			"translation": [0, 0, -8]
		},
		"head": {
			"rotation": [-90, -180, 0],
			"translation": [0, 0, -12.8],
			"scale": [0.8, 0.8, 0.8]
		},
		"fixed": {
			"rotation": [-90, -180, 0],
			"translation": [0, 0, -8]
		}
	},
	"groups": [
		{
			"name": "lower",
			"origin": [8, 8, 8],
			"children": [0]
		}
	]
}