{
	"credit": "Made with Blockbench",
	"textures": {
		"0": "item/custom/upper",
		"particle": "item/custom/upper"
	},
	"elements": [
		{
			"name": "lower_0",
			"from": [0, 0, 0],
			"to": [16, 0.125, 16],
			"faces": {
				"north": {"uv": [16, 0, 0, 0.125], "texture": "#missing"},
				"east": {"uv": [15.875, 0, 16, 16], "rotation": 90, "texture": "#missing"},
				"south": {"uv": [0, 15.875, 16, 16], "texture": "#missing"},
				"west": {"uv": [0, 0, 0.125, 16], "rotation": 270, "texture": "#missing"},
				"up": {"uv": [0, 0, 16, 16], "texture": "#0"},
				"down": {"uv": [0, 16, 16, 0], "texture": "#0"}
			}
		}
	],
	"display": {
		"thirdperson_righthand": {
			"rotation": [88, 0, 0],
			"translation": [0, 2, 3.5],
			"scale": [0.35, 0.35, 0.35]
		},
		"thirdperson_lefthand": {
			"rotation": [88, 0, 0],
			"translation": [0, 2, 3.5],
			"scale": [0.35, 0.35, 0.35]
		},
		"firstperson_righthand": {
			"rotation": [47, 0, 0],
			"translation": [0.25, 9.5, -5.25],
			"scale": [1.35, 1.35, 1.35]
		},
		"firstperson_lefthand": {
			"rotation": [47, 0, 0],
			"translation": [0.25, 9.5, -5.25],
			"scale": [1.35, 1.35, 1.35]
		},
		"ground": {
			"translation": [0, 1.75, 0],
			"scale": [0.57, 0.57, 0.57]
		},
		"gui": {
			"rotation": [90, 0, 0],
			"translation": [0, 0, -8]
		},
		"head": {
			"scale": [0, 0, 0]
		},
		"fixed": {
			"rotation": [-90, -180, 0],
			"translation": [0, 0, -8]
		}
	},
	"groups": [
		{
			"name": "lower",
			"origin": [8, 8, 8],
			"children": [0]
		}
	]
}