{
	"credit": "Made with Blockbench",
	"texture_size": [128, 128],
	"textures": {
		"1": "block/custom/escape_door"
	},
	"elements": [
		{
			"from": [-8, -16, 4],
			"to": [8, 32, 12],
			"rotation": {"angle": 0, "axis": "y", "origin": [0, 8, 11]},
			"faces": {
				"north": {"uv": [3, 1, 5, 7], "texture": "#1"},
				"east": {"uv": [0, 1, 1, 7], "texture": "#1"},
				"south": {"uv": [1, 1, 3, 7], "texture": "#1"},
				"up": {"uv": [5, 1, 1, 0], "texture": "#1"},
				"down": {"uv": [9, 0, 5, 1], "texture": "#1"}
			}
		}
	],
	"display": {
		"thirdperson_righthand": {
			"scale": [0, 0, 0]
		},
		"thirdperson_lefthand": {
			"scale": [0, 0, 0]
		},
		"firstperson_righthand": {
			"rotation": [0, -180, 0],
			"translation": [1, 6.75, 0],
			"scale": [0.2, 0.2, 0.2]
		},
		"firstperson_lefthand": {
			"rotation": [0, -180, 0],
			"translation": [1, 6.75, 0],
			"scale": [0.2, 0.2, 0.2]
		},
		"ground": {
			"scale": [0.1, 0.1, 0.1]
		},
		"gui": {
			"rotation": [0, -180, 0],
			"scale": [0.3, 0.3, 0.3]
		},
		"head": {
			"translation": [0, -4.8, 0],
			"scale": [1.6, 1.6, 1.6]
		},
		"fixed": {
			"scale": [0.3, 0.3, 0.3]
		}
	}
}