{
	"credit": "Made with Blockbench",
	"texture_size": [128, 128],
	"textures": {
		"1": "block/custom/escape_door"
	},
	"elements": [
		{
			"from": [-8, -16, 4],
			"to": [24, 32, 12],
			"rotation": {"angle": 0, "axis": "y", "origin": [16, 8, 11]},
			"faces": {
				"north": {"uv": [1, 1, 5, 7], "texture": "#1"},
				"east": {"uv": [0, 1, 1, 7], "texture": "#1"},
				"south": {"uv": [6, 1, 10, 7], "texture": "#1"},
				"west": {"uv": [5, 1, 6, 7], "texture": "#1"},
				"up": {"uv": [5, 1, 1, 0], "texture": "#1"},
				"down": {"uv": [9, 0, 5, 1], "texture": "#1"}
			}
		},
		{
			"from": [4, 24, 3],
			"to": [12, 27, 4],
			"rotation": {"angle": 0, "axis": "y", "origin": [14, 5, 11]},
			"faces": {
				"north": {"uv": [0.125, 7.125, 1.125, 7.5], "texture": "#1"},
				"east": {"uv": [0, 7.125, 0.125, 7.5], "texture": "#1"},
				"south": {"uv": [1.25, 7.125, 2.25, 7.5], "texture": "#1"},
				"west": {"uv": [1.125, 7.125, 1.25, 7.5], "texture": "#1"},
				"up": {"uv": [1.125, 7.125, 0.125, 7], "texture": "#1"},
				"down": {"uv": [2.125, 7, 1.125, 7.125], "texture": "#1"}
			}
		},
		{
			"from": [4, -11, 3],
			"to": [12, -8, 4],
			"rotation": {"angle": 0, "axis": "y", "origin": [14, -30, 11]},
			"faces": {
				"north": {"uv": [0.125, 7.125, 1.125, 7.5], "texture": "#1"},
				"east": {"uv": [0, 7.125, 0.125, 7.5], "texture": "#1"},
				"south": {"uv": [1.25, 7.125, 2.25, 7.5], "texture": "#1"},
				"west": {"uv": [1.125, 7.125, 1.25, 7.5], "texture": "#1"},
				"up": {"uv": [1.125, 7.125, 0.125, 7], "texture": "#1"},
				"down": {"uv": [2.125, 7, 1.125, 7.125], "texture": "#1"}
			}
		},
		{
			"from": [4, 6.5, 3],
			"to": [12, 9.5, 4],
			"rotation": {"angle": 0, "axis": "y", "origin": [14, -13, 11]},
			"faces": {
				"north": {"uv": [0.125, 7.125, 1.125, 7.5], "texture": "#1"},
				"east": {"uv": [0, 7.125, 0.125, 7.5], "texture": "#1"},
				"south": {"uv": [1.25, 7.125, 2.25, 7.5], "texture": "#1"},
				"west": {"uv": [1.125, 7.125, 1.25, 7.5], "texture": "#1"},
				"up": {"uv": [1.125, 7.125, 0.125, 7], "texture": "#1"},
				"down": {"uv": [2.125, 7, 1.125, 7.125], "texture": "#1"}
			}
		}
	],
	"display": {
		"thirdperson_righthand": {
			"scale": [0, 0, 0]
		},
		"thirdperson_lefthand": {
			"scale": [0, 0, 0]
		},
		"firstperson_righthand": {
			"rotation": [0, -180, 0],
			"translation": [1, 6.75, 0],
			"scale": [0.2, 0.2, 0.2]
		},
		"firstperson_lefthand": {
			"rotation": [0, -180, 0],
			"translation": [1, 6.75, 0],
			"scale": [0.2, 0.2, 0.2]
		},
		"ground": {
			"scale": [0.1, 0.1, 0.1]
		},
		"gui": {
			"rotation": [0, -180, 0],
			"scale": [0.3, 0.3, 0.3]
		},
		"head": {
			"translation": [0, -4.8, 0],
			"scale": [1.6, 1.6, 1.6]
		},
		"fixed": {
			"scale": [0.3, 0.3, 0.3]
		}
	}
}