{
	"credit": "Made with Blockbench",
	"textures": {
		"0": "block/gray_wool",
		"particle": "block/gray_wool"
	},
	"elements": [
		{
			"from": [-16, -1, 7.5],
			"to": [32, 2, 8.5],
			"rotation": {"angle": 0, "axis": "y", "origin": [8, 7, 16]},
			"faces": {
				"north": {"uv": [0, 2, 16, 5], "texture": "#0"},
				"south": {"uv": [0, 2, 16, 5], "texture": "#0"},
				"up": {"uv": [0, 1, 16, 2], "texture": "#0"},
				"down": {"uv": [0, 0, 16, 1], "texture": "#0"}
			}
		},
		{
			"from": [-16, -7, 7.5],
			"to": [32, -4, 8.5],
			"rotation": {"angle": 0, "axis": "y", "origin": [8, 1, 16]},
			"faces": {
				"north": {"uv": [0, 2, 16, 5], "texture": "#0"},
				"south": {"uv": [0, 2, 16, 5], "texture": "#0"},
				"up": {"uv": [0, 1, 16, 2], "texture": "#0"},
				"down": {"uv": [0, 0, 16, 1], "texture": "#0"}
			}
		},
		{
			"from": [-16, -13, 7.5],
			"to": [32, -10, 8.5],
			"rotation": {"angle": 0, "axis": "y", "origin": [8, -5, 16]},
			"faces": {
				"north": {"uv": [0, 2, 16, 5], "texture": "#0"},
				"south": {"uv": [0, 2, 16, 5], "texture": "#0"},
				"up": {"uv": [0, 1, 16, 2], "texture": "#0"},
				"down": {"uv": [0, 0, 16, 1], "texture": "#0"}
			}
		},
		{
			"from": [-16, 5, 7.5],
			"to": [32, 8, 8.5],
			"rotation": {"angle": 0, "axis": "y", "origin": [8, 13, 16]},
			"faces": {
				"north": {"uv": [0, 2, 16, 5], "texture": "#0"},
				"south": {"uv": [0, 2, 16, 5], "texture": "#0"},
				"up": {"uv": [0, 1, 16, 2], "texture": "#0"},
				"down": {"uv": [0, 0, 16, 1], "texture": "#0"}
			}
		},
		{
			"from": [-16, 11, 7.5],
			"to": [32, 14, 8.5],
			"rotation": {"angle": 0, "axis": "y", "origin": [8, 19, 16]},
			"faces": {
				"north": {"uv": [0, 2, 16, 5], "texture": "#0"},
				"south": {"uv": [0, 2, 16, 5], "texture": "#0"},
				"up": {"uv": [0, 1, 16, 2], "texture": "#0"},
				"down": {"uv": [0, 0, 16, 1], "texture": "#0"}
			}
		},
		{
			"from": [-16, 17, 7.5],
			"to": [32, 20, 8.5],
			"rotation": {"angle": 0, "axis": "y", "origin": [8, 25, 16]},
			"faces": {
				"north": {"uv": [0, 2, 16, 5], "texture": "#0"},
				"south": {"uv": [0, 2, 16, 5], "texture": "#0"},
				"up": {"uv": [0, 1, 16, 2], "texture": "#0"},
				"down": {"uv": [0, 0, 16, 1], "texture": "#0"}
			}
		},
		{
			"from": [-16, 23, 7.5],
			"to": [32, 26, 8.5],
			"rotation": {"angle": 0, "axis": "y", "origin": [8, 31, 16]},
			"faces": {
				"north": {"uv": [0, 2, 16, 5], "texture": "#0"},
				"south": {"uv": [0, 2, 16, 5], "texture": "#0"},
				"up": {"uv": [0, 1, 16, 2], "texture": "#0"},
				"down": {"uv": [0, 0, 16, 1], "texture": "#0"}
			}
		},
		{
			"from": [-16, 29, 7.5],
			"to": [32, 32, 8.5],
			"rotation": {"angle": 0, "axis": "y", "origin": [8, 37, 16]},
			"faces": {
				"north": {"uv": [0, 2, 16, 5], "texture": "#0"},
				"south": {"uv": [0, 2, 16, 5], "texture": "#0"},
				"up": {"uv": [0, 1, 16, 2], "texture": "#0"},
				"down": {"uv": [0, 0, 16, 1], "texture": "#0"}
			}
		}
	],
	"display": {
		"ground": {
			"scale": [0.2, 0.2, 0.2]
		},
		"gui": {
			"scale": [0.33, 0.33, 0.33]
		},
		"head": {
			"scale": [1.6, 1.6, 1.6]
		}
	}
}