{
	"credit": "Made with Blockbench",
	"textures": {
		"0": "block/custom/camera",
		"particle": "block/custom/camera"
	},
	"elements": [
		{
			"from": [6, 11, 6],
			"to": [10, 18, 10],
			"rotation": {"angle": 0, "axis": "y", "origin": [9, 8, 9]},
			"faces": {
				"north": {"uv": [1, 1, 2, 2.75], "texture": "#0"},
				"east": {"uv": [0, 1, 1, 2.75], "texture": "#0"},
				"south": {"uv": [3, 1, 4, 2.75], "texture": "#0"},
				"west": {"uv": [2, 1, 3, 2.75], "texture": "#0"},
				"up": {"uv": [2, 1, 1, 0], "texture": "#0"},
				"down": {"uv": [3, 0, 2, 1], "texture": "#0"}
			}
		},
		{
			"from": [4.5, 8, -2],
			"to": [11.5, 14, 14],
			"rotation": {"angle": -22.5, "axis": "x", "origin": [9, 11, 9]},
			"faces": {
				"north": {"uv": [4, 4, 5.75, 5.5], "texture": "#0"},
				"east": {"uv": [0, 4, 4, 5.5], "texture": "#0"},
				"south": {"uv": [9.75, 4, 11.5, 5.5], "texture": "#0"},
				"west": {"uv": [5.75, 4, 9.75, 5.5], "texture": "#0"},
				"up": {"uv": [5.75, 4, 4, 0], "texture": "#0"},
				"down": {"uv": [7.5, 0, 5.75, 4], "texture": "#0"}
			}
		}
	],
	"display": {
		"head": {
			"translation": [0, -50.25, 0],
			"scale": [2, 2, 2]
		}
	}
}