{
	"credit": "Made with Blockbench",
	"textures": {
		"0": "block/andesite",
		"1": "block/polished_andesite",
		"3": "block/smooth_stone",
		"4": "block/gold_block",
		"5": "item/diamond_chestplate",
		"6": "item/diamond_sword",
		"particle": "block/andesite"
	},
	"elements": [
		{
			"from": [1, 1, 1],
			"to": [15, 2, 15],
			"rotation": {"angle": 0, "axis": "y", "origin": [8, 9, 8]},
			"faces": {
				"north": {"uv": [0, 0, 16, 1], "texture": "#1"},
				"east": {"uv": [0, 15, 16, 16], "texture": "#1"},
				"south": {"uv": [0, 15, 16, 16], "texture": "#1"},
				"west": {"uv": [0, 0, 16, 1], "texture": "#1"},
				"up": {"uv": [1, 1, 15, 15], "texture": "#1"},
				"down": {"uv": [0, 0, 16, 16], "texture": "#1"}
			}
		},
		{
			"from": [0, 0, 0],
			"to": [16, 1, 16],
			"faces": {
				"north": {"uv": [0, 15, 16, 16], "texture": "#1"},
				"east": {"uv": [0, 15, 16, 16], "texture": "#1"},
				"south": {"uv": [0, 0, 16, 1], "texture": "#1"},
				"west": {"uv": [0, 0, 16, 1], "texture": "#1"},
				"up": {"uv": [0, 0, 16, 16], "rotation": 270, "texture": "#1"},
				"down": {"uv": [0, 0, 16, 16], "rotation": 90, "texture": "#1"}
			}
		},
		{
			"from": [2, 2, 2],
			"to": [14, 8, 14],
			"rotation": {"angle": 0, "axis": "y", "origin": [10, 8, 10]},
			"faces": {
				"north": {"uv": [0, 0, 12, 8], "texture": "#0"},
				"east": {"uv": [4, 0, 16, 8], "texture": "#0"},
				"south": {"uv": [0, 8, 12, 16], "texture": "#0"},
				"west": {"uv": [4, 4, 16, 12], "texture": "#0"}
			}
		},
		{
			"from": [0, 8, 0],
			"to": [16, 9, 16],
			"rotation": {"angle": 0, "axis": "y", "origin": [8, 16, 8]},
			"faces": {
				"north": {"uv": [0, 0, 16, 1], "texture": "#3"},
				"east": {"uv": [0, 0, 16, 1], "texture": "#3"},
				"south": {"uv": [0, 0, 16, 1], "texture": "#3"},
				"west": {"uv": [0, 0, 16, 1], "texture": "#3"},
				"up": {"uv": [0, 0, 16, 16], "texture": "#3"},
				"down": {"uv": [0, 0, 16, 16], "texture": "#3"}
			}
		},
		{
			"from": [5, 3.5, 1.5],
			"to": [11, 6.5, 2],
			"rotation": {"angle": 0, "axis": "y", "origin": [13, 12, 9]},
			"faces": {
				"north": {"uv": [1, 1, 7, 4], "texture": "#4"},
				"east": {"uv": [0, 0, 0.5, 3], "texture": "#4"},
				"west": {"uv": [0, 0, 0.5, 3], "texture": "#4"},
				"up": {"uv": [3, 1, 9, 2], "texture": "#4"},
				"down": {"uv": [10, 15, 16, 15.5], "texture": "#4"}
			}
		},
		{
			"from": [1, 7, 1],
			"to": [3, 8, 3],
			"rotation": {"angle": 0, "axis": "y", "origin": [9, 15, 9]},
			"faces": {
				"north": {"uv": [0, 0, 2, 1], "texture": "#1"},
				"east": {"uv": [0, 0, 2, 1], "texture": "#1"},
				"south": {"uv": [0, 0, 2, 1], "texture": "#1"},
				"west": {"uv": [0, 0, 2, 1], "texture": "#1"},
				"down": {"uv": [0, 0, 2, 2], "texture": "#1"}
			}
		},
		{
			"from": [13, 7, 1],
			"to": [15, 8, 3],
			"rotation": {"angle": 0, "axis": "y", "origin": [21, 15, 9]},
			"faces": {
				"north": {"uv": [0, 0, 2, 1], "texture": "#1"},
				"east": {"uv": [0, 0, 2, 1], "texture": "#1"},
				"south": {"uv": [0, 0, 2, 1], "texture": "#1"},
				"west": {"uv": [0, 0, 2, 1], "texture": "#1"},
				"down": {"uv": [0, 0, 2, 2], "texture": "#1"}
			}
		},
		{
			"from": [13, 7, 13],
			"to": [15, 8, 15],
			"rotation": {"angle": 0, "axis": "y", "origin": [21, 15, 21]},
			"faces": {
				"north": {"uv": [0, 0, 2, 1], "texture": "#1"},
				"east": {"uv": [0, 0, 2, 1], "texture": "#1"},
				"south": {"uv": [0, 0, 2, 1], "texture": "#1"},
				"west": {"uv": [0, 0, 2, 1], "texture": "#1"},
				"down": {"uv": [0, 0, 2, 2], "texture": "#1"}
			}
		},
		{
			"from": [1, 7, 13],
			"to": [3, 8, 15],
			"rotation": {"angle": 0, "axis": "y", "origin": [9, 15, 21]},
			"faces": {
				"north": {"uv": [0, 0, 2, 1], "texture": "#1"},
				"east": {"uv": [0, 0, 2, 1], "texture": "#1"},
				"south": {"uv": [0, 0, 2, 1], "texture": "#1"},
				"west": {"uv": [0, 0, 2, 1], "texture": "#1"},
				"down": {"uv": [0, 0, 2, 2], "texture": "#1"}
			}
		},
		{
			"from": [6, 9, 10],
			"to": [10, 15, 14],
			"rotation": {"angle": 0, "axis": "y", "origin": [14, 17, 18]},
			"faces": {
				"north": {"uv": [5, 0, 9, 6], "texture": "#3"},
				"east": {"uv": [6, 0, 10, 6], "texture": "#3"},
				"south": {"uv": [3, 0, 7, 6], "texture": "#3"},
				"west": {"uv": [1, 0, 5, 6], "texture": "#3"},
				"up": {"uv": [3, 4, 7, 8], "texture": "#1"},
				"down": {"uv": [0, 0, 4, 4], "texture": "#3"}
			}
		},
		{
			"name": "diamond_chestplate_0",
			"from": [12, 18, 9.5],
			"to": [17, 24, 10.5],
			"rotation": {"angle": 22.5, "axis": "x", "origin": [10, 18, 2.5]},
			"faces": {
				"north": {"uv": [1, 2, 6, 8], "texture": "#5"},
				"east": {"uv": [1, 2, 2, 8], "texture": "#5"},
				"south": {"uv": [1, 8, 6, 2], "rotation": 180, "texture": "#5"},
				"west": {"uv": [5, 2, 6, 8], "texture": "#5"},
				"up": {"uv": [6, 2, 1, 3], "texture": "#5"},
				"down": {"uv": [1, 7, 6, 8], "rotation": 180, "texture": "#5"}
			}
		},
		{
			"name": "diamond_chestplate_1",
			"from": [3, 18, 9.5],
			"to": [8, 24, 10.5],
			"rotation": {"angle": 22.5, "axis": "x", "origin": [10, 18, 2.5]},
			"faces": {
				"north": {"uv": [10, 2, 15, 8], "texture": "#5"},
				"east": {"uv": [10, 2, 11, 8], "texture": "#5"},
				"south": {"uv": [10, 8, 15, 2], "rotation": 180, "texture": "#5"},
				"west": {"uv": [14, 2, 15, 8], "texture": "#5"},
				"up": {"uv": [15, 2, 10, 3], "texture": "#5"},
				"down": {"uv": [10, 7, 15, 8], "rotation": 180, "texture": "#5"}
			}
		},
		{
			"name": "diamond_chestplate_2",
			"from": [11, 11, 9.5],
			"to": [12, 22, 10.5],
			"rotation": {"angle": 22.5, "axis": "x", "origin": [10, 18, 2.5]},
			"faces": {
				"north": {"uv": [6, 4, 7, 15], "texture": "#5"},
				"east": {"uv": [6, 4, 7, 15], "texture": "#5"},
				"south": {"uv": [6, 15, 7, 4], "rotation": 180, "texture": "#5"},
				"west": {"uv": [6, 4, 7, 15], "texture": "#5"},
				"up": {"uv": [7, 4, 6, 5], "texture": "#5"},
				"down": {"uv": [6, 14, 7, 15], "rotation": 180, "texture": "#5"}
			}
		},
		{
			"name": "diamond_chestplate_3",
			"from": [8, 11, 9.5],
			"to": [9, 22, 10.5],
			"rotation": {"angle": 22.5, "axis": "x", "origin": [10, 18, 2.5]},
			"faces": {
				"north": {"uv": [9, 4, 10, 15], "texture": "#5"},
				"east": {"uv": [9, 4, 10, 15], "texture": "#5"},
				"south": {"uv": [9, 15, 10, 4], "rotation": 180, "texture": "#5"},
				"west": {"uv": [9, 4, 10, 15], "texture": "#5"},
				"up": {"uv": [10, 4, 9, 5], "texture": "#5"},
				"down": {"uv": [9, 14, 10, 15], "rotation": 180, "texture": "#5"}
			}
		},
		{
			"name": "diamond_chestplate_4",
			"from": [9, 11, 9.5],
			"to": [11, 21, 10.5],
			"rotation": {"angle": 22.5, "axis": "x", "origin": [10, 18, 2.5]},
			"faces": {
				"north": {"uv": [7, 5, 9, 15], "texture": "#5"},
				"east": {"uv": [7, 5, 8, 15], "texture": "#5"},
				"south": {"uv": [7, 15, 9, 5], "rotation": 180, "texture": "#5"},
				"west": {"uv": [8, 5, 9, 15], "texture": "#5"},
				"up": {"uv": [9, 5, 7, 6], "texture": "#5"},
				"down": {"uv": [7, 14, 9, 15], "rotation": 180, "texture": "#5"}
			}
		},
		{
			"name": "diamond_chestplate_5",
			"from": [12, 13, 9.5],
			"to": [15, 18, 10.5],
			"rotation": {"angle": 22.5, "axis": "x", "origin": [10, 18, 2.5]},
			"faces": {
				"north": {"uv": [3, 8, 6, 13], "texture": "#5"},
				"east": {"uv": [3, 8, 4, 13], "texture": "#5"},
				"south": {"uv": [3, 13, 6, 8], "rotation": 180, "texture": "#5"},
				"west": {"uv": [5, 8, 6, 13], "texture": "#5"},
				"up": {"uv": [6, 8, 3, 9], "texture": "#5"},
				"down": {"uv": [3, 12, 6, 13], "rotation": 180, "texture": "#5"}
			}
		},
		{
			"name": "diamond_chestplate_6",
			"from": [5, 13, 9.5],
			"to": [8, 18, 10.5],
			"rotation": {"angle": 22.5, "axis": "x", "origin": [10, 18, 2.5]},
			"faces": {
				"north": {"uv": [10, 8, 13, 13], "texture": "#5"},
				"east": {"uv": [10, 8, 11, 13], "texture": "#5"},
				"south": {"uv": [10, 13, 13, 8], "rotation": 180, "texture": "#5"},
				"west": {"uv": [12, 8, 13, 13], "texture": "#5"},
				"up": {"uv": [13, 8, 10, 9], "texture": "#5"},
				"down": {"uv": [10, 12, 13, 13], "rotation": 180, "texture": "#5"}
			}
		},
		{
			"name": "diamond_chestplate_7",
			"from": [12, 12, 9.5],
			"to": [14, 13, 10.5],
			"rotation": {"angle": 22.5, "axis": "x", "origin": [10, 18, 2.5]},
			"faces": {
				"north": {"uv": [4, 13, 6, 14], "texture": "#5"},
				"east": {"uv": [4, 13, 5, 14], "texture": "#5"},
				"south": {"uv": [4, 14, 6, 13], "rotation": 180, "texture": "#5"},
				"west": {"uv": [5, 13, 6, 14], "texture": "#5"},
				"up": {"uv": [6, 13, 4, 14], "texture": "#5"},
				"down": {"uv": [4, 13, 6, 14], "rotation": 180, "texture": "#5"}
			}
		},
		{
			"name": "diamond_chestplate_8",
			"from": [6, 12, 9.5],
			"to": [8, 13, 10.5],
			"rotation": {"angle": 22.5, "axis": "x", "origin": [10, 18, 2.5]},
			"faces": {
				"north": {"uv": [10, 13, 12, 14], "texture": "#5"},
				"east": {"uv": [10, 13, 11, 14], "texture": "#5"},
				"south": {"uv": [10, 14, 12, 13], "rotation": 180, "texture": "#5"},
				"west": {"uv": [11, 13, 12, 14], "texture": "#5"},
				"up": {"uv": [12, 13, 10, 14], "texture": "#5"},
				"down": {"uv": [10, 13, 12, 14], "rotation": 180, "texture": "#5"}
			}
		},
		{
			"name": "diamond_chestplate_9",
			"from": [12, 11, 9.5],
			"to": [13, 12, 10.5],
			"rotation": {"angle": 22.5, "axis": "x", "origin": [10, 18, 2.5]},
			"faces": {
				"north": {"uv": [5, 14, 6, 15], "texture": "#5"},
				"east": {"uv": [5, 14, 6, 15], "texture": "#5"},
				"south": {"uv": [5, 15, 6, 14], "rotation": 180, "texture": "#5"},
				"west": {"uv": [5, 14, 6, 15], "texture": "#5"},
				"up": {"uv": [6, 14, 5, 15], "texture": "#5"},
				"down": {"uv": [5, 14, 6, 15], "rotation": 180, "texture": "#5"}
			}
		},
		{
			"name": "diamond_chestplate_10",
			"from": [7, 11, 9.5],
			"to": [8, 12, 10.5],
			"rotation": {"angle": 22.5, "axis": "x", "origin": [10, 18, 2.5]},
			"faces": {
				"north": {"uv": [10, 14, 11, 15], "texture": "#5"},
				"east": {"uv": [10, 14, 11, 15], "texture": "#5"},
				"south": {"uv": [10, 15, 11, 14], "rotation": 180, "texture": "#5"},
				"west": {"uv": [10, 14, 11, 15], "texture": "#5"},
				"up": {"uv": [11, 14, 10, 15], "texture": "#5"},
				"down": {"uv": [10, 14, 11, 15], "rotation": 180, "texture": "#5"}
			}
		},
		{
			"name": "diamond_sword_0",
			"from": [10, 9, -4],
			"to": [13, 10, -1],
			"rotation": {"angle": -22.5, "axis": "y", "origin": [5, 17, 4]},
			"faces": {
				"north": {"uv": [16, 0, 13, 1], "texture": "#6"},
				"east": {"uv": [15, 0, 16, 3], "rotation": 90, "texture": "#6"},
				"south": {"uv": [13, 2, 16, 3], "texture": "#6"},
				"west": {"uv": [13, 0, 14, 3], "rotation": 270, "texture": "#6"},
				"up": {"uv": [13, 0, 16, 3], "texture": "#6"},
				"down": {"uv": [13, 3, 16, 0], "texture": "#6"}
			}
		},
		{
			"name": "diamond_sword_1",
			"from": [9, 9, -3],
			"to": [10, 10, 2],
			"rotation": {"angle": -22.5, "axis": "y", "origin": [5, 17, 4]},
			"faces": {
				"north": {"uv": [13, 1, 12, 2], "texture": "#6"},
				"east": {"uv": [12, 1, 13, 6], "rotation": 90, "texture": "#6"},
				"south": {"uv": [12, 5, 13, 6], "texture": "#6"},
				"west": {"uv": [12, 1, 13, 6], "rotation": 270, "texture": "#6"},
				"up": {"uv": [12, 1, 13, 6], "texture": "#6"},
				"down": {"uv": [12, 6, 13, 1], "texture": "#6"}
			}
		},
		{
			"name": "diamond_sword_2",
			"from": [8, 9, -2],
			"to": [9, 10, 3],
			"rotation": {"angle": -22.5, "axis": "y", "origin": [5, 17, 4]},
			"faces": {
				"north": {"uv": [12, 2, 11, 3], "texture": "#6"},
				"east": {"uv": [11, 2, 12, 7], "rotation": 90, "texture": "#6"},
				"south": {"uv": [11, 6, 12, 7], "texture": "#6"},
				"west": {"uv": [11, 2, 12, 7], "rotation": 270, "texture": "#6"},
				"up": {"uv": [11, 2, 12, 7], "texture": "#6"},
				"down": {"uv": [11, 7, 12, 2], "texture": "#6"}
			}
		},
		{
			"name": "diamond_sword_3",
			"from": [7, 9, -1],
			"to": [8, 10, 4],
			"rotation": {"angle": -22.5, "axis": "y", "origin": [5, 17, 4]},
			"faces": {
				"north": {"uv": [11, 3, 10, 4], "texture": "#6"},
				"east": {"uv": [10, 3, 11, 8], "rotation": 90, "texture": "#6"},
				"south": {"uv": [10, 7, 11, 8], "texture": "#6"},
				"west": {"uv": [10, 3, 11, 8], "rotation": 270, "texture": "#6"},
				"up": {"uv": [10, 3, 11, 8], "texture": "#6"},
				"down": {"uv": [10, 8, 11, 3], "texture": "#6"}
			}
		},
		{
			"name": "diamond_sword_4",
			"from": [10, 9, -1],
			"to": [12, 10, 0],
			"rotation": {"angle": -22.5, "axis": "y", "origin": [5, 17, 4]},
			"faces": {
				"north": {"uv": [15, 3, 13, 4], "texture": "#6"},
				"east": {"uv": [14, 3, 15, 4], "rotation": 90, "texture": "#6"},
				"south": {"uv": [13, 3, 15, 4], "texture": "#6"},
				"west": {"uv": [13, 3, 14, 4], "rotation": 270, "texture": "#6"},
				"up": {"uv": [13, 3, 15, 4], "texture": "#6"},
				"down": {"uv": [13, 4, 15, 3], "texture": "#6"}
			}
		},
		{
			"name": "diamond_sword_5",
			"from": [6, 9, 0],
			"to": [7, 10, 5],
			"rotation": {"angle": -22.5, "axis": "y", "origin": [5, 17, 4]},
			"faces": {
				"north": {"uv": [10, 4, 9, 5], "texture": "#6"},
				"east": {"uv": [9, 4, 10, 9], "rotation": 90, "texture": "#6"},
				"south": {"uv": [9, 8, 10, 9], "texture": "#6"},
				"west": {"uv": [9, 4, 10, 9], "rotation": 270, "texture": "#6"},
				"up": {"uv": [9, 4, 10, 9], "texture": "#6"},
				"down": {"uv": [9, 9, 10, 4], "texture": "#6"}
			}
		},
		{
			"name": "diamond_sword_6",
			"from": [10, 9, 0],
			"to": [11, 10, 1],
			"rotation": {"angle": -22.5, "axis": "y", "origin": [5, 17, 4]},
			"faces": {
				"north": {"uv": [14, 4, 13, 5], "texture": "#6"},
				"east": {"uv": [13, 4, 14, 5], "rotation": 90, "texture": "#6"},
				"south": {"uv": [13, 4, 14, 5], "texture": "#6"},
				"west": {"uv": [13, 4, 14, 5], "rotation": 270, "texture": "#6"},
				"up": {"uv": [13, 4, 14, 5], "texture": "#6"},
				"down": {"uv": [13, 5, 14, 4], "texture": "#6"}
			}
		},
		{
			"name": "diamond_sword_7",
			"from": [5, 9, 1],
			"to": [6, 10, 6],
			"rotation": {"angle": -22.5, "axis": "y", "origin": [5, 17, 4]},
			"faces": {
				"north": {"uv": [9, 5, 8, 6], "texture": "#6"},
				"east": {"uv": [8, 5, 9, 10], "rotation": 90, "texture": "#6"},
				"south": {"uv": [8, 9, 9, 10], "texture": "#6"},
				"west": {"uv": [8, 5, 9, 10], "rotation": 270, "texture": "#6"},
				"up": {"uv": [8, 5, 9, 10], "texture": "#6"},
				"down": {"uv": [8, 10, 9, 5], "texture": "#6"}
			}
		},
		{
			"name": "diamond_sword_8",
			"from": [-1, 9, 2],
			"to": [1, 10, 4],
			"rotation": {"angle": -22.5, "axis": "y", "origin": [5, 17, 4]},
			"faces": {
				"north": {"uv": [4, 6, 2, 7], "texture": "#6"},
				"east": {"uv": [3, 6, 4, 8], "rotation": 90, "texture": "#6"},
				"south": {"uv": [2, 7, 4, 8], "texture": "#6"},
				"west": {"uv": [2, 6, 3, 8], "rotation": 270, "texture": "#6"},
				"up": {"uv": [2, 6, 4, 8], "texture": "#6"},
				"down": {"uv": [2, 8, 4, 6], "texture": "#6"}
			}
		},
		{
			"name": "diamond_sword_9",
			"from": [4, 9, 2],
			"to": [5, 10, 9],
			"rotation": {"angle": -22.5, "axis": "y", "origin": [5, 17, 4]},
			"faces": {
				"north": {"uv": [8, 6, 7, 7], "texture": "#6"},
				"east": {"uv": [7, 6, 8, 13], "rotation": 90, "texture": "#6"},
				"south": {"uv": [7, 12, 8, 13], "texture": "#6"},
				"west": {"uv": [7, 6, 8, 13], "rotation": 270, "texture": "#6"},
				"up": {"uv": [7, 6, 8, 13], "texture": "#6"},
				"down": {"uv": [7, 13, 8, 6], "texture": "#6"}
			}
		},
		{
			"name": "diamond_sword_10",
			"from": [1, 9, 3],
			"to": [2, 10, 9],
			"rotation": {"angle": -22.5, "axis": "y", "origin": [5, 17, 4]},
			"faces": {
				"north": {"uv": [5, 7, 4, 8], "texture": "#6"},
				"east": {"uv": [4, 7, 5, 13], "rotation": 90, "texture": "#6"},
				"south": {"uv": [4, 12, 5, 13], "texture": "#6"},
				"west": {"uv": [4, 7, 5, 13], "rotation": 270, "texture": "#6"},
				"up": {"uv": [4, 7, 5, 13], "texture": "#6"},
				"down": {"uv": [4, 13, 5, 7], "texture": "#6"}
			}
		},
		{
			"name": "diamond_sword_11",
			"from": [3, 9, 3],
			"to": [4, 10, 9],
			"rotation": {"angle": -22.5, "axis": "y", "origin": [5, 17, 4]},
			"faces": {
				"north": {"uv": [7, 7, 6, 8], "texture": "#6"},
				"east": {"uv": [6, 7, 7, 13], "rotation": 90, "texture": "#6"},
				"south": {"uv": [6, 12, 7, 13], "texture": "#6"},
				"west": {"uv": [6, 7, 7, 13], "rotation": 270, "texture": "#6"},
				"up": {"uv": [6, 7, 7, 13], "texture": "#6"},
				"down": {"uv": [6, 13, 7, 7], "texture": "#6"}
			}
		},
		{
			"name": "diamond_sword_12",
			"from": [0, 9, 4],
			"to": [1, 10, 6],
			"rotation": {"angle": -22.5, "axis": "y", "origin": [5, 17, 4]},
			"faces": {
				"north": {"uv": [4, 8, 3, 9], "texture": "#6"},
				"east": {"uv": [3, 8, 4, 10], "rotation": 90, "texture": "#6"},
				"south": {"uv": [3, 9, 4, 10], "texture": "#6"},
				"west": {"uv": [3, 8, 4, 10], "rotation": 270, "texture": "#6"},
				"up": {"uv": [3, 8, 4, 10], "texture": "#6"},
				"down": {"uv": [3, 10, 4, 8], "texture": "#6"}
			}
		},
		{
			"name": "diamond_sword_13",
			"from": [2, 9, 4],
			"to": [3, 10, 8],
			"rotation": {"angle": -22.5, "axis": "y", "origin": [5, 17, 4]},
			"faces": {
				"north": {"uv": [6, 8, 5, 9], "texture": "#6"},
				"east": {"uv": [5, 8, 6, 12], "rotation": 90, "texture": "#6"},
				"south": {"uv": [5, 11, 6, 12], "texture": "#6"},
				"west": {"uv": [5, 8, 6, 12], "rotation": 270, "texture": "#6"},
				"up": {"uv": [5, 8, 6, 12], "texture": "#6"},
				"down": {"uv": [5, 12, 6, 8], "texture": "#6"}
			}
		},
		{
			"name": "diamond_sword_14",
			"from": [0, 9, 7],
			"to": [1, 10, 10],
			"rotation": {"angle": -22.5, "axis": "y", "origin": [5, 17, 4]},
			"faces": {
				"north": {"uv": [4, 11, 3, 12], "texture": "#6"},
				"east": {"uv": [3, 11, 4, 14], "rotation": 90, "texture": "#6"},
				"south": {"uv": [3, 13, 4, 14], "texture": "#6"},
				"west": {"uv": [3, 11, 4, 14], "rotation": 270, "texture": "#6"},
				"up": {"uv": [3, 11, 4, 14], "texture": "#6"},
				"down": {"uv": [3, 14, 4, 11], "texture": "#6"}
			}
		},
		{
			"name": "diamond_sword_15",
			"from": [5, 9, 7],
			"to": [6, 10, 10],
			"rotation": {"angle": -22.5, "axis": "y", "origin": [5, 17, 4]},
			"faces": {
				"north": {"uv": [9, 11, 8, 12], "texture": "#6"},
				"east": {"uv": [8, 11, 9, 14], "rotation": 90, "texture": "#6"},
				"south": {"uv": [8, 13, 9, 14], "texture": "#6"},
				"west": {"uv": [8, 11, 9, 14], "rotation": 270, "texture": "#6"},
				"up": {"uv": [8, 11, 9, 14], "texture": "#6"},
				"down": {"uv": [8, 14, 9, 11], "texture": "#6"}
			}
		},
		{
			"name": "diamond_sword_16",
			"from": [-1, 9, 8],
			"to": [0, 10, 12],
			"rotation": {"angle": -22.5, "axis": "y", "origin": [5, 17, 4]},
			"faces": {
				"north": {"uv": [3, 12, 2, 13], "texture": "#6"},
				"east": {"uv": [2, 12, 3, 16], "rotation": 90, "texture": "#6"},
				"south": {"uv": [2, 15, 3, 16], "texture": "#6"},
				"west": {"uv": [2, 12, 3, 16], "rotation": 270, "texture": "#6"},
				"up": {"uv": [2, 12, 3, 16], "texture": "#6"},
				"down": {"uv": [2, 16, 3, 12], "texture": "#6"}
			}
		},
		{
			"name": "diamond_sword_17",
			"from": [6, 9, 8],
			"to": [7, 10, 10],
			"rotation": {"angle": -22.5, "axis": "y", "origin": [5, 17, 4]},
			"faces": {
				"north": {"uv": [10, 12, 9, 13], "texture": "#6"},
				"east": {"uv": [9, 12, 10, 14], "rotation": 90, "texture": "#6"},
				"south": {"uv": [9, 13, 10, 14], "texture": "#6"},
				"west": {"uv": [9, 12, 10, 14], "rotation": 270, "texture": "#6"},
				"up": {"uv": [9, 12, 10, 14], "texture": "#6"},
				"down": {"uv": [9, 14, 10, 12], "texture": "#6"}
			}
		},
		{
			"name": "diamond_sword_18",
			"from": [-3, 9, 9],
			"to": [-1, 10, 12],
			"rotation": {"angle": -22.5, "axis": "y", "origin": [5, 17, 4]},
			"faces": {
				"north": {"uv": [2, 13, 0, 14], "texture": "#6"},
				"east": {"uv": [1, 13, 2, 16], "rotation": 90, "texture": "#6"},
				"south": {"uv": [0, 15, 2, 16], "texture": "#6"},
				"west": {"uv": [0, 13, 1, 16], "rotation": 270, "texture": "#6"},
				"up": {"uv": [0, 13, 2, 16], "texture": "#6"},
				"down": {"uv": [0, 16, 2, 13], "texture": "#6"}
			}
		}
	],
	"display": {
		"head": {
			"translation": [0, -17.6, 0],
			"scale": [3.2, 3.2, 3.2]
		}
	},
	"groups": [0, 1, 2, 3, 4, 5, 6, 7, 8, 9,
		{
			"name": "diamond_chestplate",
			"origin": [8, 8, 8],
			"children": [10, 11, 12, 13, 14, 15, 16, 17, 18, 19, 20]
		},
		{
			"name": "diamond_sword",
			"origin": [8, 8, 8],
			"children": [21, 22, 23, 24, 25, 26, 27, 28, 29, 30, 31, 32, 33, 34, 35, 36, 37, 38, 39]
		}
	]
}