{
	"credit": "Made with Blockbench",
	"textures": {
		"0": "block/andesite",
		"1": "block/polished_andesite",
		"3": "block/smooth_stone",
		"4": "block/gold_block",
		"5": "block/bedrock",
		"particle": "block/andesite"
	},
	"elements": [
		{
			"from": [1, 1, 1],
			"to": [15, 2, 15],
			"rotation": {"angle": 0, "axis": "y", "origin": [8, 9, 8]},
			"faces": {
				"north": {"uv": [0, 0, 16, 1], "texture": "#1"},
				"east": {"uv": [0, 15, 16, 16], "texture": "#1"},
				"south": {"uv": [0, 15, 16, 16], "texture": "#1"},
				"west": {"uv": [0, 0, 16, 1], "texture": "#1"},
				"up": {"uv": [1, 1, 15, 15], "texture": "#1"},
				"down": {"uv": [0, 0, 16, 16], "texture": "#1"}
			}
		},
		{
			"from": [0, 0, 0],
			"to": [16, 1, 16],
			"faces": {
				"north": {"uv": [0, 15, 16, 16], "texture": "#1"},
				"east": {"uv": [0, 15, 16, 16], "texture": "#1"},
				"south": {"uv": [0, 0, 16, 1], "texture": "#1"},
				"west": {"uv": [0, 0, 16, 1], "texture": "#1"},
				"up": {"uv": [0, 0, 16, 16], "rotation": 270, "texture": "#1"},
				"down": {"uv": [0, 0, 16, 16], "rotation": 90, "texture": "#1"}
			}
		},
		{
			"from": [2, 2, 2],
			"to": [14, 8, 14],
			"rotation": {"angle": 0, "axis": "y", "origin": [10, 8, 10]},
			"faces": {
				"north": {"uv": [0, 0, 12, 8], "texture": "#0"},
				"east": {"uv": [4, 0, 16, 8], "texture": "#0"},
				"south": {"uv": [0, 8, 12, 16], "texture": "#0"},
				"west": {"uv": [4, 4, 16, 12], "texture": "#0"}
			}
		},
		{
			"from": [0, 8, 0],
			"to": [16, 9, 16],
			"rotation": {"angle": 0, "axis": "y", "origin": [8, 16, 8]},
			"faces": {
				"north": {"uv": [0, 0, 16, 1], "texture": "#3"},
				"east": {"uv": [0, 0, 16, 1], "texture": "#3"},
				"south": {"uv": [0, 0, 16, 1], "texture": "#3"},
				"west": {"uv": [0, 0, 16, 1], "texture": "#3"},
				"up": {"uv": [0, 0, 16, 16], "texture": "#3"},
				"down": {"uv": [0, 0, 16, 16], "texture": "#3"}
			}
		},
		{
			"from": [5, 3.5, 1.5],
			"to": [11, 6.5, 2],
			"rotation": {"angle": 0, "axis": "y", "origin": [13, 12, 9]},
			"faces": {
				"north": {"uv": [1, 1, 7, 4], "texture": "#4"},
				"east": {"uv": [0, 0, 0.5, 3], "texture": "#4"},
				"west": {"uv": [0, 0, 0.5, 3], "texture": "#4"},
				"up": {"uv": [3, 1, 9, 2], "texture": "#4"},
				"down": {"uv": [10, 15, 16, 15.5], "texture": "#4"}
			}
		},
		{
			"from": [1, 7, 1],
			"to": [3, 8, 3],
			"rotation": {"angle": 0, "axis": "y", "origin": [9, 15, 9]},
			"faces": {
				"north": {"uv": [0, 0, 2, 1], "texture": "#1"},
				"east": {"uv": [0, 0, 2, 1], "texture": "#1"},
				"south": {"uv": [0, 0, 2, 1], "texture": "#1"},
				"west": {"uv": [0, 0, 2, 1], "texture": "#1"},
				"down": {"uv": [0, 0, 2, 2], "texture": "#1"}
			}
		},
		{
			"from": [13, 7, 1],
			"to": [15, 8, 3],
			"rotation": {"angle": 0, "axis": "y", "origin": [21, 15, 9]},
			"faces": {
				"north": {"uv": [0, 0, 2, 1], "texture": "#1"},
				"east": {"uv": [0, 0, 2, 1], "texture": "#1"},
				"south": {"uv": [0, 0, 2, 1], "texture": "#1"},
				"west": {"uv": [0, 0, 2, 1], "texture": "#1"},
				"down": {"uv": [0, 0, 2, 2], "texture": "#1"}
			}
		},
		{
			"from": [13, 7, 13],
			"to": [15, 8, 15],
			"rotation": {"angle": 0, "axis": "y", "origin": [21, 15, 21]},
			"faces": {
				"north": {"uv": [0, 0, 2, 1], "texture": "#1"},
				"east": {"uv": [0, 0, 2, 1], "texture": "#1"},
				"south": {"uv": [0, 0, 2, 1], "texture": "#1"},
				"west": {"uv": [0, 0, 2, 1], "texture": "#1"},
				"down": {"uv": [0, 0, 2, 2], "texture": "#1"}
			}
		},
		{
			"from": [1, 7, 13],
			"to": [3, 8, 15],
			"rotation": {"angle": 0, "axis": "y", "origin": [9, 15, 21]},
			"faces": {
				"north": {"uv": [0, 0, 2, 1], "texture": "#1"},
				"east": {"uv": [0, 0, 2, 1], "texture": "#1"},
				"south": {"uv": [0, 0, 2, 1], "texture": "#1"},
				"west": {"uv": [0, 0, 2, 1], "texture": "#1"},
				"down": {"uv": [0, 0, 2, 2], "texture": "#1"}
			}
		},
		{
			"from": [7, 9, 6],
			"to": [14, 18, 14],
			"rotation": {"angle": 22.5, "axis": "y", "origin": [12, 17, 12]},
			"faces": {
				"north": {"uv": [0, 0, 7, 9], "texture": "#5"},
				"east": {"uv": [1, 5, 9, 14], "texture": "#5"},
				"south": {"uv": [3, 5, 10, 14], "texture": "#5"},
				"west": {"uv": [0, 0, 8, 8], "texture": "#5"},
				"up": {"uv": [4, 1, 11, 9], "texture": "#5"},
				"down": {"uv": [0, 0, 8, 8], "texture": "#missing"}
			}
		},
		{
			"from": [6, 9, 6],
			"to": [7, 17, 13],
			"rotation": {"angle": 22.5, "axis": "y", "origin": [12, 17, 12]},
			"faces": {
				"north": {"uv": [0, 0, 1, 8], "texture": "#5"},
				"south": {"uv": [3, 5, 4, 13], "texture": "#5"},
				"west": {"uv": [0, 0, 8, 8], "texture": "#5"},
				"up": {"uv": [4, 1, 5, 9], "texture": "#5"}
			}
		},
		{
			"from": [10, 18, 7],
			"to": [12, 19, 9],
			"rotation": {"angle": 22.5, "axis": "y", "origin": [12, 26, 12]},
			"faces": {
				"north": {"uv": [0, 0, 2, 1], "texture": "#5"},
				"east": {"uv": [1, 8, 3, 9], "texture": "#5"},
				"west": {"uv": [0, 0, 2, 1], "texture": "#5"},
				"up": {"uv": [4, 1, 6, 3], "texture": "#5"}
			}
		},
		{
			"from": [7, 18, 8],
			"to": [10, 20, 14],
			"rotation": {"angle": 22.5, "axis": "y", "origin": [12, 26, 12]},
			"faces": {
				"north": {"uv": [0, 0, 3, 2], "texture": "#5"},
				"east": {"uv": [1, 8, 7, 10], "texture": "#5"},
				"south": {"uv": [3, 5, 6, 7], "texture": "#5"},
				"west": {"uv": [0, 0, 6, 2], "texture": "#5"},
				"up": {"uv": [4, 1, 7, 7], "texture": "#5"}
			}
		},
		{
			"from": [10, 18, 9],
			"to": [14, 21, 14],
			"rotation": {"angle": 22.5, "axis": "y", "origin": [12, 26, 12]},
			"faces": {
				"north": {"uv": [0, 0, 4, 3], "texture": "#5"},
				"east": {"uv": [8, 4, 13, 7], "texture": "#5"},
				"south": {"uv": [3, 5, 7, 8], "texture": "#5"},
				"west": {"uv": [3, 7, 8, 10], "texture": "#5"},
				"up": {"uv": [10, 9, 14, 14], "texture": "#5"}
			}
		},
		{
			"from": [10, 18, 9],
			"to": [14, 21, 14],
			"rotation": {"angle": 22.5, "axis": "y", "origin": [12, 26, 12]},
			"faces": {
				"north": {"uv": [0, 0, 4, 3], "texture": "#5"},
				"east": {"uv": [8, 4, 13, 7], "texture": "#5"},
				"south": {"uv": [3, 5, 7, 8], "texture": "#5"},
				"west": {"uv": [3, 7, 8, 10], "texture": "#5"},
				"up": {"uv": [10, 9, 14, 14], "texture": "#5"},
				"down": {"uv": [0, 0, 8, 8], "texture": "#missing"}
			}
		},
		{
			"from": [0, 9, 4],
			"to": [5, 14, 9],
			"rotation": {"angle": -45, "axis": "y", "origin": [6, 17, 7]},
			"faces": {
				"north": {"uv": [0, 0, 5, 5], "texture": "#5"},
				"east": {"uv": [1, 8, 6, 13], "texture": "#5"},
				"south": {"uv": [3, 5, 8, 10], "texture": "#5"},
				"west": {"uv": [0, 0, 5, 5], "texture": "#5"},
				"up": {"uv": [4, 1, 9, 6], "texture": "#5"}
			}
		},
		{
			"from": [8, 9, 3],
			"to": [10, 11, 5],
			"rotation": {"angle": 0, "axis": "y", "origin": [11, 17, 3]},
			"faces": {
				"north": {"uv": [0, 0, 2, 2], "texture": "#5"},
				"east": {"uv": [10, 9, 12, 11], "texture": "#5"},
				"south": {"uv": [3, 5, 5, 7], "texture": "#5"},
				"west": {"uv": [7, 1, 9, 3], "texture": "#5"},
				"up": {"uv": [4, 13, 6, 15], "texture": "#5"}
			}
		},
		{
			"from": [11, 9, 5],
			"to": [12, 10, 6],
			"rotation": {"angle": -22.5, "axis": "y", "origin": [14, 17, 5]},
			"faces": {
				"north": {"uv": [0, 0, 1, 1], "texture": "#5"},
				"east": {"uv": [10, 6, 11, 7], "texture": "#5"},
				"south": {"uv": [5, 3, 6, 4], "texture": "#5"},
				"west": {"uv": [3, 5, 4, 6], "texture": "#5"},
				"up": {"uv": [9, 7, 10, 8], "texture": "#5"}
			}
		},
		{
			"from": [13, 9, 1],
			"to": [14, 10, 2],
			"rotation": {"angle": 22.5, "axis": "y", "origin": [16, 17, 1]},
			"faces": {
				"north": {"uv": [0, 0, 1, 1], "texture": "#5"},
				"east": {"uv": [10, 6, 11, 7], "texture": "#5"},
				"south": {"uv": [5, 3, 6, 4], "texture": "#5"},
				"west": {"uv": [3, 5, 4, 6], "texture": "#5"},
				"up": {"uv": [9, 7, 10, 8], "texture": "#5"}
			}
		},
		{
			"from": [2, 9, 7],
			"to": [3, 10, 8],
			"rotation": {"angle": 22.5, "axis": "y", "origin": [5, 17, 7]},
			"faces": {
				"north": {"uv": [0, 0, 1, 1], "texture": "#5"},
				"east": {"uv": [10, 6, 11, 7], "texture": "#5"},
				"south": {"uv": [5, 3, 6, 4], "texture": "#5"},
				"west": {"uv": [3, 5, 4, 6], "texture": "#5"},
				"up": {"uv": [9, 7, 10, 8], "texture": "#5"}
			}
		},
		{
			"from": [2, 14, 4],
			"to": [4, 16, 6],
			"rotation": {"angle": -22.5, "axis": "y", "origin": [4, 22, 7]},
			"faces": {
				"north": {"uv": [7, 1, 9, 3], "texture": "#5"},
				"east": {"uv": [0, 0, 2, 2], "texture": "#5"},
				"south": {"uv": [10, 9, 12, 11], "texture": "#5"},
				"west": {"uv": [3, 5, 5, 7], "texture": "#5"},
				"up": {"uv": [4, 13, 6, 15], "rotation": 90, "texture": "#5"}
			}
		}
	],
	"display": {
		"head": {
			"translation": [0, -17.6, 0],
			"scale": [3.2, 3.2, 3.2]
		}
	}
}