{
	"credit": "Made with Blockbench",
	"textures": {
		"0": "item/custom/bone",
		"1": "block/andesite",
		"2": "block/barrel_side",
		"3": "block/cauldron_side",
		"4": "block/polished_andesite",
		"6": "block/smooth_stone",
		"7": "block/cauldron_inner",
		"8": "block/gold_block"
	},
	"elements": [
		{
			"from": [1, 1, 1],
			"to": [15, 3, 15],
			"rotation": {"angle": 0, "axis": "y", "origin": [10, 8, 10]},
			"faces": {
				"north": {"uv": [1, 0, 15, 3], "texture": "#4"},
				"east": {"uv": [1, 0, 15, 3], "texture": "#4"},
				"south": {"uv": [1, 0, 15, 3], "texture": "#4"},
				"west": {"uv": [1, 0, 15, 3], "texture": "#4"},
				"up": {"uv": [1, 1, 15, 15], "texture": "#6"}
			}
		},
		{
			"from": [2, 3, 12],
			"to": [4, 12.25, 14],
			"rotation": {"angle": 0, "axis": "y", "origin": [10, 10, 20]},
			"faces": {
				"north": {"uv": [5, 3, 7, 12.25], "texture": "#2"},
				"east": {"uv": [5, 3, 7, 12.25], "texture": "#2"},
				"south": {"uv": [3, 3, 5, 12.25], "texture": "#2"},
				"west": {"uv": [8, 3, 10, 12.25], "texture": "#2"},
				"up": {"uv": [2, 0, 4, 2], "texture": "#2"}
			}
		},
		{
			"from": [12, 3, 12],
			"to": [14, 12.25, 14],
			"rotation": {"angle": 0, "axis": "y", "origin": [20, 10, 20]},
			"faces": {
				"north": {"uv": [5, 3, 7, 12.25], "texture": "#2"},
				"east": {"uv": [6, 3, 8, 12.25], "texture": "#2"},
				"south": {"uv": [9, 3, 11, 12.25], "texture": "#2"},
				"west": {"uv": [5, 3, 7, 12.25], "texture": "#2"},
				"up": {"uv": [0, 0, 2, 2], "texture": "#2"}
			}
		},
		{
			"from": [2, 3, 2],
			"to": [4, 12.25, 4],
			"rotation": {"angle": 0, "axis": "y", "origin": [10, 10, 10]},
			"faces": {
				"north": {"uv": [5, 3, 7, 12.25], "texture": "#2"},
				"east": {"uv": [5, 3, 7, 12.25], "texture": "#2"},
				"south": {"uv": [5, 3, 7, 12.25], "texture": "#2"},
				"west": {"uv": [6, 3, 8, 12.25], "texture": "#2"},
				"up": {"uv": [6, 0, 8, 2], "texture": "#2"}
			}
		},
		{
			"from": [12, 3, 2],
			"to": [14, 12.25, 4],
			"rotation": {"angle": 0, "axis": "y", "origin": [20, 10, 10]},
			"faces": {
				"north": {"uv": [0, 3, 2, 12.25], "texture": "#2"},
				"east": {"uv": [9, 3, 11, 12.25], "texture": "#2"},
				"south": {"uv": [5, 3, 7, 12.25], "texture": "#2"},
				"west": {"uv": [5, 3, 7, 12.25], "texture": "#2"},
				"up": {"uv": [0, 0, 2, 2], "texture": "#2"}
			}
		},
		{
			"from": [3, 3, 3],
			"to": [13, 12, 13],
			"rotation": {"angle": 0, "axis": "y", "origin": [11, 11, 11]},
			"faces": {
				"north": {"uv": [5, 0, 15, 9], "texture": "#1"},
				"east": {"uv": [2, 5, 12, 14], "texture": "#1"},
				"south": {"uv": [6, 4, 16, 13], "texture": "#1"},
				"west": {"uv": [4, 5, 14, 14], "texture": "#1"},
				"up": {"uv": [4, 4, 14, 14], "texture": "#1"}
			}
		},
		{
			"from": [5, 12, -0.75],
			"to": [11, 20, 3.25],
			"rotation": {"angle": -22.5, "axis": "x", "origin": [16, 23, 7.25]},
			"faces": {
				"north": {"uv": [5, 2, 11, 10], "texture": "#3"},
				"east": {"uv": [10, 2, 14, 10], "texture": "#3"},
				"south": {"uv": [2, 2, 8, 10], "texture": "#3"},
				"west": {"uv": [0, 2, 4, 10], "texture": "#3"},
				"up": {"uv": [9, 6, 15, 10], "rotation": 180, "texture": "#7"},
				"down": {"uv": [7, 9, 13, 13], "texture": "#7"}
			}
		},
		{
			"from": [5, 12, 12.75],
			"to": [11, 20, 16.75],
			"rotation": {"angle": 22.5, "axis": "x", "origin": [0, 23, 8.75]},
			"faces": {
				"north": {"uv": [9, 2, 15, 10], "texture": "#3"},
				"east": {"uv": [9, 2, 13, 10], "texture": "#3"},
				"south": {"uv": [1, 2, 7, 10], "texture": "#3"},
				"west": {"uv": [10, 3, 14, 11], "texture": "#3"},
				"up": {"uv": [7, 8, 13, 12], "rotation": 180, "texture": "#7"},
				"down": {"uv": [2, 3, 8, 7], "rotation": 180, "texture": "#7"}
			}
		},
		{
			"from": [6, -0.5, 4],
			"to": [10, 1.5, 5],
			"rotation": {"angle": 22.5, "axis": "x", "origin": [17, 8.5, 12]},
			"faces": {
				"north": {"uv": [6, 2, 10, 4], "texture": "#8"},
				"east": {"uv": [0, 2, 1, 4], "texture": "#8"},
				"south": {"uv": [4, 3, 8, 5], "texture": "#8"},
				"west": {"uv": [0, 0, 1, 2], "texture": "#8"},
				"up": {"uv": [0, 0, 4, 1], "texture": "#8"},
				"down": {"uv": [0, 0, 4, 1], "texture": "#8"}
			}
		},
		{
			"name": "bone_0",
			"from": [14.975, -0.775, 6.425],
			"to": [18.35, 11.6, 9.35],
			"rotation": {"angle": 45, "axis": "z", "origin": [7.1, 16.1, -10.45]},
			"faces": {
				"north": {"uv": [11.5, 0.5, 13, 6], "rotation": 180, "texture": "#0"},
				"east": {"uv": [12.5, 0.5, 13, 6], "rotation": 180, "texture": "#0"},
				"south": {"uv": [11.5, 6, 13, 0.5], "texture": "#0"},
				"west": {"uv": [11.5, 0.5, 12, 6], "rotation": 180, "texture": "#0"},
				"up": {"uv": [11.5, 5.5, 13, 6], "texture": "#0"},
				"down": {"uv": [13, 0.5, 11.5, 1], "rotation": 180, "texture": "#0"}
			}
		},
		{
			"name": "bone_1",
			"from": [13.85, 0.35, 6.425],
			"to": [14.975, 12.725, 9.35],
			"rotation": {"angle": 45, "axis": "z", "origin": [7.1, 16.1, -10.45]},
			"faces": {
				"north": {"uv": [11, 1, 11.5, 6.5], "rotation": 180, "texture": "#0"},
				"east": {"uv": [11, 1, 11.5, 6.5], "rotation": 180, "texture": "#0"},
				"south": {"uv": [11, 6.5, 11.5, 1], "texture": "#0"},
				"west": {"uv": [11, 1, 11.5, 6.5], "rotation": 180, "texture": "#0"},
				"up": {"uv": [11, 6, 11.5, 6.5], "texture": "#0"},
				"down": {"uv": [11.5, 1, 11, 1.5], "rotation": 180, "texture": "#0"}
			}
		},
		{
			"name": "bone_2",
			"from": [18.35, 0.35, 6.425],
			"to": [19.475, 11.6, 9.35],
			"rotation": {"angle": 45, "axis": "z", "origin": [7.1, 16.1, -10.45]},
			"faces": {
				"north": {"uv": [13, 1, 13.5, 6], "rotation": 180, "texture": "#0"},
				"east": {"uv": [13, 1, 13.5, 6], "rotation": 180, "texture": "#0"},
				"south": {"uv": [13, 6, 13.5, 1], "texture": "#0"},
				"west": {"uv": [13, 1, 13.5, 6], "rotation": 180, "texture": "#0"},
				"up": {"uv": [13, 5.5, 13.5, 6], "texture": "#0"},
				"down": {"uv": [13.5, 1, 13, 1.5], "rotation": 180, "texture": "#0"}
			}
		},
		{
			"name": "bone_3",
			"from": [12.725, 1.475, 6.425],
			"to": [13.85, 13.85, 9.35],
			"rotation": {"angle": 45, "axis": "z", "origin": [7.1, 16.1, -10.45]},
			"faces": {
				"north": {"uv": [10.5, 1.5, 11, 7], "rotation": 180, "texture": "#0"},
				"east": {"uv": [10.5, 1.5, 11, 7], "rotation": 180, "texture": "#0"},
				"south": {"uv": [10.5, 7, 11, 1.5], "texture": "#0"},
				"west": {"uv": [10.5, 1.5, 11, 7], "rotation": 180, "texture": "#0"},
				"up": {"uv": [10.5, 6.5, 11, 7], "texture": "#0"},
				"down": {"uv": [11, 1.5, 10.5, 2], "rotation": 180, "texture": "#0"}
			}
		},
		{
			"name": "bone_4",
			"from": [19.475, 1.475, 6.425],
			"to": [20.6, 10.475, 9.35],
			"rotation": {"angle": 45, "axis": "z", "origin": [7.1, 16.1, -10.45]},
			"faces": {
				"north": {"uv": [13.5, 1.5, 14, 5.5], "rotation": 180, "texture": "#0"},
				"east": {"uv": [13.5, 1.5, 14, 5.5], "rotation": 180, "texture": "#0"},
				"south": {"uv": [13.5, 5.5, 14, 1.5], "texture": "#0"},
				"west": {"uv": [13.5, 1.5, 14, 5.5], "rotation": 180, "texture": "#0"},
				"up": {"uv": [13.5, 5, 14, 5.5], "texture": "#0"},
				"down": {"uv": [14, 1.5, 13.5, 2], "rotation": 180, "texture": "#0"}
			}
		},
		{
			"name": "bone_5",
			"from": [20.6, 2.6, 6.425],
			"to": [21.725, 10.475, 9.35],
			"rotation": {"angle": 45, "axis": "z", "origin": [7.1, 16.1, -10.45]},
			"faces": {
				"north": {"uv": [14, 2, 14.5, 5.5], "rotation": 180, "texture": "#0"},
				"east": {"uv": [14, 2, 14.5, 5.5], "rotation": 180, "texture": "#0"},
				"south": {"uv": [14, 5.5, 14.5, 2], "texture": "#0"},
				"west": {"uv": [14, 2, 14.5, 5.5], "rotation": 180, "texture": "#0"},
				"up": {"uv": [14, 5, 14.5, 5.5], "texture": "#0"},
				"down": {"uv": [14.5, 2, 14, 2.5], "rotation": 180, "texture": "#0"}
			}
		},
		{
			"name": "bone_6",
			"from": [11.6, 3.725, 6.425],
			"to": [12.725, 14.975, 9.35],
			"rotation": {"angle": 45, "axis": "z", "origin": [7.1, 16.1, -10.45]},
			"faces": {
				"north": {"uv": [10, 2.5, 10.5, 7.5], "rotation": 180, "texture": "#0"},
				"east": {"uv": [10, 2.5, 10.5, 7.5], "rotation": 180, "texture": "#0"},
				"south": {"uv": [10, 7.5, 10.5, 2.5], "texture": "#0"},
				"west": {"uv": [10, 2.5, 10.5, 7.5], "rotation": 180, "texture": "#0"},
				"up": {"uv": [10, 7, 10.5, 7.5], "texture": "#0"},
				"down": {"uv": [10.5, 2.5, 10, 3], "rotation": 180, "texture": "#0"}
			}
		},
		{
			"name": "bone_7",
			"from": [21.725, 3.725, 6.425],
			"to": [22.85, 9.35, 9.35],
			"rotation": {"angle": 45, "axis": "z", "origin": [7.1, 16.1, -10.45]},
			"faces": {
				"north": {"uv": [14.5, 2.5, 15, 5], "rotation": 180, "texture": "#0"},
				"east": {"uv": [14.5, 2.5, 15, 5], "rotation": 180, "texture": "#0"},
				"south": {"uv": [14.5, 5, 15, 2.5], "texture": "#0"},
				"west": {"uv": [14.5, 2.5, 15, 5], "rotation": 180, "texture": "#0"},
				"up": {"uv": [14.5, 4.5, 15, 5], "texture": "#0"},
				"down": {"uv": [15, 2.5, 14.5, 3], "rotation": 180, "texture": "#0"}
			}
		},
		{
			"name": "bone_8",
			"from": [22.85, 4.85, 6.425],
			"to": [23.975, 8.225, 9.35],
			"rotation": {"angle": 45, "axis": "z", "origin": [7.1, 16.1, -10.45]},
			"faces": {
				"north": {"uv": [15, 3, 15.5, 4.5], "rotation": 180, "texture": "#0"},
				"east": {"uv": [15, 3, 15.5, 4.5], "rotation": 180, "texture": "#0"},
				"south": {"uv": [15, 4.5, 15.5, 3], "texture": "#0"},
				"west": {"uv": [15, 3, 15.5, 4.5], "rotation": 180, "texture": "#0"},
				"up": {"uv": [15, 4, 15.5, 4.5], "texture": "#0"},
				"down": {"uv": [15.5, 3, 15, 3.5], "rotation": 180, "texture": "#0"}
			}
		},
		{
			"name": "bone_9",
			"from": [10.475, 5.975, 6.425],
			"to": [11.6, 16.1, 9.35],
			"rotation": {"angle": 45, "axis": "z", "origin": [7.1, 16.1, -10.45]},
			"faces": {
				"north": {"uv": [9.5, 3.5, 10, 8], "rotation": 180, "texture": "#0"},
				"east": {"uv": [9.5, 3.5, 10, 8], "rotation": 180, "texture": "#0"},
				"south": {"uv": [9.5, 8, 10, 3.5], "texture": "#0"},
				"west": {"uv": [9.5, 3.5, 10, 8], "rotation": 180, "texture": "#0"},
				"up": {"uv": [9.5, 7.5, 10, 8], "texture": "#0"},
				"down": {"uv": [10, 3.5, 9.5, 4], "rotation": 180, "texture": "#0"}
			}
		},
		{
			"name": "bone_10",
			"from": [9.35, 9.35, 6.425],
			"to": [10.475, 17.225, 9.35],
			"rotation": {"angle": 45, "axis": "z", "origin": [7.1, 16.1, -10.45]},
			"faces": {
				"north": {"uv": [9, 5, 9.5, 8.5], "rotation": 180, "texture": "#0"},
				"east": {"uv": [9, 5, 9.5, 8.5], "rotation": 180, "texture": "#0"},
				"south": {"uv": [9, 8.5, 9.5, 5], "texture": "#0"},
				"west": {"uv": [9, 5, 9.5, 8.5], "rotation": 180, "texture": "#0"},
				"up": {"uv": [9, 8, 9.5, 8.5], "texture": "#0"},
				"down": {"uv": [9.5, 5, 9, 5.5], "rotation": 180, "texture": "#0"}
			}
		},
		{
			"name": "bone_11",
			"from": [8.225, 10.475, 6.425],
			"to": [9.35, 18.35, 9.35],
			"rotation": {"angle": 45, "axis": "z", "origin": [7.1, 16.1, -10.45]},
			"faces": {
				"north": {"uv": [8.5, 5.5, 9, 9], "rotation": 180, "texture": "#0"},
				"east": {"uv": [8.5, 5.5, 9, 9], "rotation": 180, "texture": "#0"},
				"south": {"uv": [8.5, 9, 9, 5.5], "texture": "#0"},
				"west": {"uv": [8.5, 5.5, 9, 9], "rotation": 180, "texture": "#0"},
				"up": {"uv": [8.5, 8.5, 9, 9], "texture": "#0"},
				"down": {"uv": [9, 5.5, 8.5, 6], "rotation": 180, "texture": "#0"}
			}
		},
		{
			"name": "bone_12",
			"from": [7.1, 11.6, 6.425],
			"to": [8.225, 19.475, 9.35],
			"rotation": {"angle": 45, "axis": "z", "origin": [7.1, 16.1, -10.45]},
			"faces": {
				"north": {"uv": [8, 6, 8.5, 9.5], "rotation": 180, "texture": "#0"},
				"east": {"uv": [8, 6, 8.5, 9.5], "rotation": 180, "texture": "#0"},
				"south": {"uv": [8, 9.5, 8.5, 6], "texture": "#0"},
				"west": {"uv": [8, 6, 8.5, 9.5], "rotation": 180, "texture": "#0"},
				"up": {"uv": [8, 9, 8.5, 9.5], "texture": "#0"},
				"down": {"uv": [8.5, 6, 8, 6.5], "rotation": 180, "texture": "#0"}
			}
		},
		{
			"name": "bone_13",
			"from": [14.975, 11.6, 6.425],
			"to": [16.1, 12.725, 9.35],
			"rotation": {"angle": 45, "axis": "z", "origin": [7.1, 16.1, -10.45]},
			"faces": {
				"north": {"uv": [11.5, 6, 12, 6.5], "rotation": 180, "texture": "#0"},
				"east": {"uv": [11.5, 6, 12, 6.5], "rotation": 180, "texture": "#0"},
				"south": {"uv": [11.5, 6.5, 12, 6], "texture": "#0"},
				"west": {"uv": [11.5, 6, 12, 6.5], "rotation": 180, "texture": "#0"},
				"up": {"uv": [11.5, 6, 12, 6.5], "texture": "#0"},
				"down": {"uv": [12, 6, 11.5, 6.5], "rotation": 180, "texture": "#0"}
			}
		},
		{
			"name": "bone_14",
			"from": [5.975, 12.725, 6.425],
			"to": [7.1, 20.6, 9.35],
			"rotation": {"angle": 45, "axis": "z", "origin": [7.1, 16.1, -10.45]},
			"faces": {
				"north": {"uv": [7.5, 6.5, 8, 10], "rotation": 180, "texture": "#0"},
				"east": {"uv": [7.5, 6.5, 8, 10], "rotation": 180, "texture": "#0"},
				"south": {"uv": [7.5, 10, 8, 6.5], "texture": "#0"},
				"west": {"uv": [7.5, 6.5, 8, 10], "rotation": 180, "texture": "#0"},
				"up": {"uv": [7.5, 9.5, 8, 10], "texture": "#0"},
				"down": {"uv": [8, 6.5, 7.5, 7], "rotation": 180, "texture": "#0"}
			}
		},
		{
			"name": "bone_15",
			"from": [4.85, 13.85, 6.425],
			"to": [5.975, 21.725, 9.35],
			"rotation": {"angle": 45, "axis": "z", "origin": [7.1, 16.1, -10.45]},
			"faces": {
				"north": {"uv": [7, 7, 7.5, 10.5], "rotation": 180, "texture": "#0"},
				"east": {"uv": [7, 7, 7.5, 10.5], "rotation": 180, "texture": "#0"},
				"south": {"uv": [7, 10.5, 7.5, 7], "texture": "#0"},
				"west": {"uv": [7, 7, 7.5, 10.5], "rotation": 180, "texture": "#0"},
				"up": {"uv": [7, 10, 7.5, 10.5], "texture": "#0"},
				"down": {"uv": [7.5, 7, 7, 7.5], "rotation": 180, "texture": "#0"}
			}
		},
		{
			"name": "bone_16",
			"from": [3.725, 14.975, 6.425],
			"to": [4.85, 23.975, 9.35],
			"rotation": {"angle": 45, "axis": "z", "origin": [7.1, 16.1, -10.45]},
			"faces": {
				"north": {"uv": [6.5, 7.5, 7, 11.5], "rotation": 180, "texture": "#0"},
				"east": {"uv": [6.5, 7.5, 7, 11.5], "rotation": 180, "texture": "#0"},
				"south": {"uv": [6.5, 11.5, 7, 7.5], "texture": "#0"},
				"west": {"uv": [6.5, 7.5, 7, 11.5], "rotation": 180, "texture": "#0"},
				"up": {"uv": [6.5, 11, 7, 11.5], "texture": "#0"},
				"down": {"uv": [7, 7.5, 6.5, 8], "rotation": 180, "texture": "#0"}
			}
		},
		{
			"name": "bone_17",
			"from": [2.6, 16.1, 6.425],
			"to": [3.725, 27.35, 9.35],
			"rotation": {"angle": 45, "axis": "z", "origin": [7.1, 16.1, -10.45]},
			"faces": {
				"north": {"uv": [6, 8, 6.5, 13], "rotation": 180, "texture": "#0"},
				"east": {"uv": [6, 8, 6.5, 13], "rotation": 180, "texture": "#0"},
				"south": {"uv": [6, 13, 6.5, 8], "texture": "#0"},
				"west": {"uv": [6, 8, 6.5, 13], "rotation": 180, "texture": "#0"},
				"up": {"uv": [6, 12.5, 6.5, 13], "texture": "#0"},
				"down": {"uv": [6.5, 8, 6, 8.5], "rotation": 180, "texture": "#0"}
			}
		},
		{
			"name": "bone_18",
			"from": [1.475, 17.225, 6.425],
			"to": [2.6, 29.6, 9.35],
			"rotation": {"angle": 45, "axis": "z", "origin": [7.1, 16.1, -10.45]},
			"faces": {
				"north": {"uv": [5.5, 8.5, 6, 14], "rotation": 180, "texture": "#0"},
				"east": {"uv": [5.5, 8.5, 6, 14], "rotation": 180, "texture": "#0"},
				"south": {"uv": [5.5, 14, 6, 8.5], "texture": "#0"},
				"west": {"uv": [5.5, 8.5, 6, 14], "rotation": 180, "texture": "#0"},
				"up": {"uv": [5.5, 13.5, 6, 14], "texture": "#0"},
				"down": {"uv": [6, 8.5, 5.5, 9], "rotation": 180, "texture": "#0"}
			}
		},
		{
			"name": "bone_19",
			"from": [-0.775, 18.35, 6.425],
			"to": [1.475, 30.725, 9.35],
			"rotation": {"angle": 45, "axis": "z", "origin": [7.1, 16.1, -10.45]},
			"faces": {
				"north": {"uv": [4.5, 9, 5.5, 14.5], "rotation": 180, "texture": "#0"},
				"east": {"uv": [5, 9, 5.5, 14.5], "rotation": 180, "texture": "#0"},
				"south": {"uv": [4.5, 14.5, 5.5, 9], "texture": "#0"},
				"west": {"uv": [4.5, 9, 5, 14.5], "rotation": 180, "texture": "#0"},
				"up": {"uv": [4.5, 14, 5.5, 14.5], "texture": "#0"},
				"down": {"uv": [5.5, 9, 4.5, 9.5], "rotation": 180, "texture": "#0"}
			}
		},
		{
			"name": "bone_20",
			"from": [-3.025, 19.475, 6.425],
			"to": [-0.775, 31.85, 9.35],
			"rotation": {"angle": 45, "axis": "z", "origin": [7.1, 16.1, -10.45]},
			"faces": {
				"north": {"uv": [3.5, 9.5, 4.5, 15], "rotation": 180, "texture": "#0"},
				"east": {"uv": [4, 9.5, 4.5, 15], "rotation": 180, "texture": "#0"},
				"south": {"uv": [3.5, 15, 4.5, 9.5], "texture": "#0"},
				"west": {"uv": [3.5, 9.5, 4, 15], "rotation": 180, "texture": "#0"},
				"up": {"uv": [3.5, 14.5, 4.5, 15], "texture": "#0"},
				"down": {"uv": [4.5, 9.5, 3.5, 10], "rotation": 180, "texture": "#0"}
			}
		},
		{
			"name": "bone_21",
			"from": [-5.275, 20.6, 6.425],
			"to": [-3.025, 29.6, 9.35],
			"rotation": {"angle": 45, "axis": "z", "origin": [7.1, 16.1, -10.45]},
			"faces": {
				"north": {"uv": [2.5, 10, 3.5, 14], "rotation": 180, "texture": "#0"},
				"east": {"uv": [3, 10, 3.5, 14], "rotation": 180, "texture": "#0"},
				"south": {"uv": [2.5, 14, 3.5, 10], "texture": "#0"},
				"west": {"uv": [2.5, 10, 3, 14], "rotation": 180, "texture": "#0"},
				"up": {"uv": [2.5, 13.5, 3.5, 14], "texture": "#0"},
				"down": {"uv": [3.5, 10, 2.5, 10.5], "rotation": 180, "texture": "#0"}
			}
		},
		{
			"name": "bone_22",
			"from": [-7.525, 21.725, 6.425],
			"to": [-5.275, 29.6, 9.35],
			"rotation": {"angle": 45, "axis": "z", "origin": [7.1, 16.1, -10.45]},
			"faces": {
				"north": {"uv": [1.5, 10.5, 2.5, 14], "rotation": 180, "texture": "#0"},
				"east": {"uv": [2, 10.5, 2.5, 14], "rotation": 180, "texture": "#0"},
				"south": {"uv": [1.5, 14, 2.5, 10.5], "texture": "#0"},
				"west": {"uv": [1.5, 10.5, 2, 14], "rotation": 180, "texture": "#0"},
				"up": {"uv": [1.5, 13.5, 2.5, 14], "texture": "#0"},
				"down": {"uv": [2.5, 10.5, 1.5, 11], "rotation": 180, "texture": "#0"}
			}
		},
		{
			"name": "bone_23",
			"from": [-8.65, 22.85, 6.425],
			"to": [-7.525, 28.475, 9.35],
			"rotation": {"angle": 45, "axis": "z", "origin": [7.1, 16.1, -10.45]},
			"faces": {
				"north": {"uv": [1, 11, 1.5, 13.5], "rotation": 180, "texture": "#0"},
				"east": {"uv": [1, 11, 1.5, 13.5], "rotation": 180, "texture": "#0"},
				"south": {"uv": [1, 13.5, 1.5, 11], "texture": "#0"},
				"west": {"uv": [1, 11, 1.5, 13.5], "rotation": 180, "texture": "#0"},
				"up": {"uv": [1, 13, 1.5, 13.5], "texture": "#0"},
				"down": {"uv": [1.5, 11, 1, 11.5], "rotation": 180, "texture": "#0"}
			}
		},
		{
			"name": "bone_24",
			"from": [-9.775, 23.975, 6.425],
			"to": [-8.65, 27.35, 9.35],
			"rotation": {"angle": 45, "axis": "z", "origin": [7.1, 16.1, -10.45]},
			"faces": {
				"north": {"uv": [0.5, 11.5, 1, 13], "rotation": 180, "texture": "#0"},
				"east": {"uv": [0.5, 11.5, 1, 13], "rotation": 180, "texture": "#0"},
				"south": {"uv": [0.5, 13, 1, 11.5], "texture": "#0"},
				"west": {"uv": [0.5, 11.5, 1, 13], "rotation": 180, "texture": "#0"},
				"up": {"uv": [0.5, 12.5, 1, 13], "texture": "#0"},
				"down": {"uv": [1, 11.5, 0.5, 12], "rotation": 180, "texture": "#0"}
			}
		},
		{
			"name": "bone_25",
			"from": [-4.15, 29.6, 6.425],
			"to": [-3.025, 30.725, 9.35],
			"rotation": {"angle": 45, "axis": "z", "origin": [7.1, 16.1, -10.45]},
			"faces": {
				"north": {"uv": [3, 14, 3.5, 14.5], "rotation": 180, "texture": "#0"},
				"east": {"uv": [3, 14, 3.5, 14.5], "rotation": 180, "texture": "#0"},
				"south": {"uv": [3, 14.5, 3.5, 14], "texture": "#0"},
				"west": {"uv": [3, 14, 3.5, 14.5], "rotation": 180, "texture": "#0"},
				"up": {"uv": [3, 14, 3.5, 14.5], "texture": "#0"},
				"down": {"uv": [3.5, 14, 3, 14.5], "rotation": 180, "texture": "#0"}
			}
		},
		{
			"name": "bone_26",
			"from": [-0.775, 30.725, 6.425],
			"to": [0.35, 31.85, 9.35],
			"rotation": {"angle": 45, "axis": "z", "origin": [7.1, 16.1, -10.45]},
			"faces": {
				"north": {"uv": [4.5, 14.5, 5, 15], "rotation": 180, "texture": "#0"},
				"east": {"uv": [4.5, 14.5, 5, 15], "rotation": 180, "texture": "#0"},
				"south": {"uv": [4.5, 15, 5, 14.5], "texture": "#0"},
				"west": {"uv": [4.5, 14.5, 5, 15], "rotation": 180, "texture": "#0"},
				"up": {"uv": [4.5, 14.5, 5, 15], "texture": "#0"},
				"down": {"uv": [5, 14.5, 4.5, 15], "rotation": 180, "texture": "#0"}
			}
		},
		{
			"from": [0, 0, 0],
			"to": [16, 1, 16],
			"faces": {
				"north": {"uv": [0, 15, 16, 16], "texture": "#6"},
				"east": {"uv": [0, 0, 16, 1], "texture": "#6"},
				"south": {"uv": [0, 0, 16, 1], "texture": "#6"},
				"west": {"uv": [0, 15, 16, 16], "texture": "#6"},
				"up": {"uv": [0, 0, 16, 16], "texture": "#6"},
				"down": {"uv": [0, 0, 16, 16], "texture": "#4"}
			}
		}
	],
	"display": {
		"ground": {
			"scale": [0.25, 0.25, 0.25]
		},
		"gui": {
			"rotation": [45, 45, 0],
			"scale": [0.5, 0.5, 0.5]
		},
		"head": {
			"translation": [0, -15.2, 0],
			"scale": [3.5, 3.5, 3.5]
		},
		"fixed": {
			"scale": [0.5, 0.5, 0.5]
		}
	},
	"groups": [0, 1, 2, 3, 4, 5, 6, 7, 8,
		{
			"name": "bone",
			"origin": [8, 8, 8],
			"children": [9, 10, 11, 12, 13, 14, 15, 16, 17, 18, 19, 20, 21, 22, 23, 24, 25, 26, 27, 28, 29, 30, 31, 32, 33, 34, 35]
		}, 36]
}