{
	"credit": "Made with Blockbench",
	"textures": {
		"0": "block/custom/trex_skull",
		"1": "block/andesite",
		"2": "block/barrel_side",
		"3": "block/cauldron_side",
		"4": "block/polished_andesite",
		"6": "block/smooth_stone",
		"7": "block/cauldron_inner",
		"8": "block/gold_block"
	},
	"elements": [
		{
			"from": [1, -14, 1],
			"to": [15, -12, 15],
			"rotation": {"angle": 0, "axis": "y", "origin": [10, -7, 10]},
			"faces": {
				"north": {"uv": [1, 0, 15, 3], "texture": "#4"},
				"east": {"uv": [1, 0, 15, 3], "texture": "#4"},
				"south": {"uv": [1, 0, 15, 3], "texture": "#4"},
				"west": {"uv": [1, 0, 15, 3], "texture": "#4"},
				"up": {"uv": [1, 1, 15, 15], "texture": "#6"}
			}
		},
		{
			"from": [2, -12, 12],
			"to": [4, -2.75, 14],
			"rotation": {"angle": 0, "axis": "y", "origin": [10, -5, 20]},
			"faces": {
				"north": {"uv": [5, 3, 7, 12.25], "texture": "#2"},
				"east": {"uv": [5, 3, 7, 12.25], "texture": "#2"},
				"south": {"uv": [3, 3, 5, 12.25], "texture": "#2"},
				"west": {"uv": [8, 3, 10, 12.25], "texture": "#2"},
				"up": {"uv": [2, 0, 4, 2], "texture": "#2"}
			}
		},
		{
			"from": [12, -12, 12],
			"to": [14, -2.75, 14],
			"rotation": {"angle": 0, "axis": "y", "origin": [20, -5, 20]},
			"faces": {
				"north": {"uv": [5, 3, 7, 12.25], "texture": "#2"},
				"east": {"uv": [6, 3, 8, 12.25], "texture": "#2"},
				"south": {"uv": [9, 3, 11, 12.25], "texture": "#2"},
				"west": {"uv": [5, 3, 7, 12.25], "texture": "#2"},
				"up": {"uv": [0, 0, 2, 2], "texture": "#2"}
			}
		},
		{
			"from": [2, -12, 2],
			"to": [4, -2.75, 4],
			"rotation": {"angle": 0, "axis": "y", "origin": [10, -5, 10]},
			"faces": {
				"north": {"uv": [5, 3, 7, 12.25], "texture": "#2"},
				"east": {"uv": [5, 3, 7, 12.25], "texture": "#2"},
				"south": {"uv": [5, 3, 7, 12.25], "texture": "#2"},
				"west": {"uv": [6, 3, 8, 12.25], "texture": "#2"},
				"up": {"uv": [6, 0, 8, 2], "texture": "#2"}
			}
		},
		{
			"from": [12, -12, 2],
			"to": [14, -2.75, 4],
			"rotation": {"angle": 0, "axis": "y", "origin": [20, -5, 10]},
			"faces": {
				"north": {"uv": [0, 3, 2, 12.25], "texture": "#2"},
				"east": {"uv": [9, 3, 11, 12.25], "texture": "#2"},
				"south": {"uv": [5, 3, 7, 12.25], "texture": "#2"},
				"west": {"uv": [5, 3, 7, 12.25], "texture": "#2"},
				"up": {"uv": [0, 0, 2, 2], "texture": "#2"}
			}
		},
		{
			"from": [3, -12, 3],
			"to": [13, -3, 13],
			"rotation": {"angle": 0, "axis": "y", "origin": [11, -4, 11]},
			"faces": {
				"north": {"uv": [5, 0, 15, 9], "texture": "#1"},
				"east": {"uv": [2, 5, 12, 14], "texture": "#1"},
				"south": {"uv": [6, 4, 16, 13], "texture": "#1"},
				"west": {"uv": [4, 5, 14, 14], "texture": "#1"},
				"up": {"uv": [4, 4, 14, 14], "texture": "#1"}
			}
		},
		{
			"from": [5, -4.76863, 3.38192],
			"to": [11, 4.23137, 12.38192],
			"rotation": {"angle": 0, "axis": "x", "origin": [8.00899, -0.75692, 4.3702]},
			"faces": {
				"north": {"uv": [5, 2, 11, 10], "texture": "#3"},
				"east": {"uv": [10, 2, 14, 10], "texture": "#3"},
				"south": {"uv": [2, 2, 8, 10], "texture": "#3"},
				"west": {"uv": [0, 2, 4, 10], "texture": "#3"},
				"up": {"uv": [9, 6, 15, 10], "rotation": 180, "texture": "#7"},
				"down": {"uv": [7, 9, 13, 13], "texture": "#7"}
			}
		},
		{
			"from": [6, -15.5, 4],
			"to": [10, -13.5, 5],
			"rotation": {"angle": 22.5, "axis": "x", "origin": [17, -6.5, 12]},
			"faces": {
				"north": {"uv": [6, 2, 10, 4], "texture": "#8"},
				"east": {"uv": [0, 2, 1, 4], "texture": "#8"},
				"south": {"uv": [4, 3, 8, 5], "texture": "#8"},
				"west": {"uv": [0, 0, 1, 2], "texture": "#8"},
				"up": {"uv": [0, 0, 4, 1], "texture": "#8"},
				"down": {"uv": [0, 0, 4, 1], "texture": "#8"}
			}
		},
		{
			"from": [0, -15, 0],
			"to": [16, -14, 16],
			"rotation": {"angle": 0, "axis": "y", "origin": [8, -7, 8]},
			"faces": {
				"north": {"uv": [0, 15, 16, 16], "texture": "#6"},
				"east": {"uv": [0, 0, 16, 1], "texture": "#6"},
				"south": {"uv": [0, 0, 16, 1], "texture": "#6"},
				"west": {"uv": [0, 15, 16, 16], "texture": "#6"},
				"up": {"uv": [0, 0, 16, 16], "texture": "#6"},
				"down": {"uv": [0, 0, 16, 16], "texture": "#4"}
			}
		},
		{
			"from": [7.85, 2.5, 13],
			"to": [12.35, 5.5, 19],
			"rotation": {"angle": -22.5, "axis": "x", "origin": [8.75, 5.3125, 8.6875]},
			"faces": {
				"north": {"uv": [0.5, 1.875, 0.875, 2.125], "texture": "#0"},
				"east": {"uv": [0, 1.875, 0.5, 2.125], "texture": "#0"},
				"south": {"uv": [1.375, 1.875, 1.75, 2.125], "texture": "#0"},
				"west": {"uv": [0.875, 1.875, 1.375, 2.125], "texture": "#0"},
				"up": {"uv": [0.875, 1.875, 0.5, 1.375], "texture": "#0"},
				"down": {"uv": [1.25, 1.375, 0.875, 1.875], "texture": "#0"}
			}
		},
		{
			"from": [3.65, 5.5, 2.5],
			"to": [8.15, 7, 20.5],
			"rotation": {"angle": -22.5, "axis": "x", "origin": [7.25, 5.3125, 8.6875]},
			"faces": {
				"north": {"uv": [7.25, 3.375, 7.625, 3.5], "texture": "#0"},
				"east": {"uv": [5.75, 3.375, 7.25, 3.5], "texture": "#0"},
				"south": {"uv": [9.125, 3.375, 9.5, 3.5], "texture": "#0"},
				"west": {"uv": [7.625, 3.375, 9.125, 3.5], "texture": "#0"},
				"up": {"uv": [7.625, 3.375, 7.25, 1.875], "texture": "#0"},
				"down": {"uv": [8, 1.875, 7.625, 3.375], "texture": "#0"}
			}
		},
		{
			"from": [7.85, 5.5, 2.5],
			"to": [12.35, 7, 20.5],
			"rotation": {"angle": -22.5, "axis": "x", "origin": [8.75, 5.3125, 8.6875]},
			"faces": {
				"north": {"uv": [7.25, 1.5, 7.625, 1.625], "texture": "#0"},
				"east": {"uv": [5.75, 1.5, 7.25, 1.625], "texture": "#0"},
				"south": {"uv": [9.125, 1.5, 9.5, 1.625], "texture": "#0"},
				"west": {"uv": [7.625, 1.5, 9.125, 1.625], "texture": "#0"},
				"up": {"uv": [7.625, 1.5, 7.25, 0], "texture": "#0"},
				"down": {"uv": [8, 0, 7.625, 1.5], "texture": "#0"}
			}
		},
		{
			"from": [3.65, 7, 8.5],
			"to": [8.15, 8.5, 22],
			"rotation": {"angle": -22.5, "axis": "x", "origin": [7.25, 5.3125, 8.6875]},
			"faces": {
				"north": {"uv": [3.5, 6.625, 3.875, 6.75], "texture": "#0"},
				"east": {"uv": [2.375, 6.625, 3.5, 6.75], "texture": "#0"},
				"south": {"uv": [5, 6.625, 5.375, 6.75], "texture": "#0"},
				"west": {"uv": [3.875, 6.625, 5, 6.75], "texture": "#0"},
				"up": {"uv": [3.875, 6.625, 3.5, 5.5], "texture": "#0"},
				"down": {"uv": [4.25, 5.5, 3.875, 6.625], "texture": "#0"}
			}
		},
		{
			"from": [7.85, 7, 8.5],
			"to": [12.35, 8.5, 22],
			"rotation": {"angle": -22.5, "axis": "x", "origin": [8.75, 5.3125, 8.6875]},
			"faces": {
				"north": {"uv": [5.875, 9, 6.25, 9.125], "texture": "#0"},
				"east": {"uv": [4.75, 9, 5.875, 9.125], "texture": "#0"},
				"south": {"uv": [7.375, 9, 7.75, 9.125], "texture": "#0"},
				"west": {"uv": [6.25, 9, 7.375, 9.125], "texture": "#0"},
				"up": {"uv": [6.25, 9, 5.875, 7.875], "texture": "#0"},
				"down": {"uv": [6.625, 7.875, 6.25, 9], "texture": "#0"}
			}
		},
		{
			"from": [3.5, 19, -11],
			"to": [8, 22, 19],
			"rotation": {"angle": 0, "axis": "y", "origin": [11, 13, 13]},
			"faces": {
				"north": {"uv": [2.5, 5.25, 2.875, 5.5], "texture": "#0"},
				"east": {"uv": [0, 5.25, 2.5, 5.5], "texture": "#0"},
				"south": {"uv": [5.375, 5.25, 5.75, 5.5], "texture": "#0"},
				"west": {"uv": [2.875, 5.25, 5.375, 5.5], "texture": "#0"},
				"up": {"uv": [2.875, 5.25, 2.5, 2.75], "texture": "#0"},
				"down": {"uv": [3.25, 2.75, 2.875, 5.25], "texture": "#0"}
			}
		},
		{
			"from": [8, 19, -11],
			"to": [12.5, 22, 19],
			"rotation": {"angle": 0, "axis": "y", "origin": [5, 13, 13]},
			"faces": {
				"north": {"uv": [2.5, 2.5, 2.875, 2.75], "texture": "#0"},
				"east": {"uv": [0, 2.5, 2.5, 2.75], "texture": "#0"},
				"south": {"uv": [5.375, 2.5, 5.75, 2.75], "texture": "#0"},
				"west": {"uv": [2.875, 2.5, 5.375, 2.75], "texture": "#0"},
				"up": {"uv": [2.875, 2.5, 2.5, 0], "texture": "#0"},
				"down": {"uv": [3.25, 0, 2.875, 2.5], "texture": "#0"}
			}
		},
		{
			"from": [3.5, 22, -5],
			"to": [8, 23.5, 16],
			"rotation": {"angle": 0, "axis": "y", "origin": [11, 13, 13]},
			"faces": {
				"north": {"uv": [5, 1.75, 5.375, 1.875], "texture": "#0"},
				"east": {"uv": [3.25, 1.75, 5, 1.875], "texture": "#0"},
				"south": {"uv": [7.125, 1.75, 7.5, 1.875], "texture": "#0"},
				"west": {"uv": [5.375, 1.75, 7.125, 1.875], "texture": "#0"},
				"up": {"uv": [5.375, 1.75, 5, 0], "texture": "#0"},
				"down": {"uv": [5.75, 0, 5.375, 1.75], "texture": "#0"}
			}
		},
		{
			"from": [8, 22, -5],
			"to": [12.5, 23.5, 16],
			"rotation": {"angle": 0, "axis": "y", "origin": [5, 13, 13]},
			"faces": {
				"north": {"uv": [5, 5, 5.375, 5.125], "texture": "#0"},
				"east": {"uv": [3.25, 5, 5, 5.125], "texture": "#0"},
				"south": {"uv": [7.125, 5, 7.5, 5.125], "texture": "#0"},
				"west": {"uv": [5.375, 5, 7.125, 5.125], "texture": "#0"},
				"up": {"uv": [5.375, 5, 5, 3.25], "texture": "#0"},
				"down": {"uv": [5.75, 3.25, 5.375, 5], "texture": "#0"}
			}
		},
		{
			"from": [3.5, 16, -9.5],
			"to": [8, 19, -6.5],
			"rotation": {"angle": 0, "axis": "y", "origin": [11, 13, 13]},
			"faces": {
				"north": {"uv": [3.5, 1.25, 3.875, 1.5], "texture": "#0"},
				"east": {"uv": [3.25, 1.25, 3.5, 1.5], "texture": "#0"},
				"south": {"uv": [4.125, 1.25, 4.5, 1.5], "texture": "#0"},
				"west": {"uv": [3.875, 1.25, 4.125, 1.5], "texture": "#0"},
				"up": {"uv": [3.875, 1.25, 3.5, 1], "texture": "#0"},
				"down": {"uv": [4.25, 1, 3.875, 1.25], "texture": "#0"}
			}
		},
		{
			"from": [8, 16, -9.5],
			"to": [12.5, 19, -6.5],
			"rotation": {"angle": 0, "axis": "y", "origin": [5, 13, 13]},
			"faces": {
				"north": {"uv": [1.5, 1.625, 1.875, 1.875], "texture": "#0"},
				"east": {"uv": [1.25, 1.625, 1.5, 1.875], "texture": "#0"},
				"south": {"uv": [2.125, 1.625, 2.5, 1.875], "texture": "#0"},
				"west": {"uv": [1.875, 1.625, 2.125, 1.875], "texture": "#0"},
				"up": {"uv": [1.875, 1.625, 1.5, 1.375], "texture": "#0"},
				"down": {"uv": [2.25, 1.375, 1.875, 1.625], "texture": "#0"}
			}
		},
		{
			"from": [3.5, 14.5, -6.5],
			"to": [8, 19, 7],
			"rotation": {"angle": 0, "axis": "y", "origin": [11, 13, 13]},
			"faces": {
				"north": {"uv": [1.125, 8.625, 1.5, 9], "texture": "#0"},
				"east": {"uv": [0, 8.625, 1.125, 9], "texture": "#0"},
				"south": {"uv": [2.625, 8.625, 3, 9], "texture": "#0"},
				"west": {"uv": [1.5, 8.625, 2.625, 9], "texture": "#0"},
				"up": {"uv": [1.5, 8.625, 1.125, 7.5], "texture": "#0"},
				"down": {"uv": [1.875, 7.5, 1.5, 8.625], "texture": "#0"}
			}
		},
		{
			"from": [8, 14.5, -6.5],
			"to": [12.5, 19, 7],
			"rotation": {"angle": 0, "axis": "y", "origin": [5, 13, 13]},
			"faces": {
				"north": {"uv": [4, 8.25, 4.375, 8.625], "texture": "#0"},
				"east": {"uv": [2.875, 8.25, 4, 8.625], "texture": "#0"},
				"south": {"uv": [5.5, 8.25, 5.875, 8.625], "texture": "#0"},
				"west": {"uv": [4.375, 8.25, 5.5, 8.625], "texture": "#0"},
				"up": {"uv": [4.375, 8.25, 4, 7.125], "texture": "#0"},
				"down": {"uv": [4.75, 7.125, 4.375, 8.25], "texture": "#0"}
			}
		},
		{
			"from": [3.65, 11.5, -6.5],
			"to": [3.65, 14.5, 7],
			"rotation": {"angle": 0, "axis": "y", "origin": [11, 13, 13]},
			"faces": {
				"north": {"uv": [1.125, 3.875, 1.25, 4.125], "texture": "#0"},
				"east": {"uv": [0, 3.875, 1.125, 4.125], "texture": "#0"},
				"south": {"uv": [2.375, 3.875, 2.5, 4.125], "texture": "#0"},
				"west": {"uv": [1.25, 3.875, 2.375, 4.125], "texture": "#0"},
				"up": {"uv": [1.25, 3.875, 1.125, 2.75], "texture": "#0"},
				"down": {"uv": [1.375, 2.75, 1.25, 3.875], "texture": "#0"}
			}
		},
		{
			"from": [12.35, 11.5, -6.5],
			"to": [12.35, 14.5, 7],
			"rotation": {"angle": 0, "axis": "y", "origin": [5, 13, 13]},
			"faces": {
				"north": {"uv": [1.125, 1.125, 1.25, 1.375], "texture": "#0"},
				"east": {"uv": [0, 1.125, 1.125, 1.375], "texture": "#0"},
				"south": {"uv": [2.375, 1.125, 2.5, 1.375], "texture": "#0"},
				"west": {"uv": [1.25, 1.125, 2.375, 1.375], "texture": "#0"},
				"up": {"uv": [1.25, 1.125, 1.125, 0], "texture": "#0"},
				"down": {"uv": [1.375, 0, 1.25, 1.125], "texture": "#0"}
			}
		},
		{
			"from": [12.35, 13, -9.5],
			"to": [12.35, 16, -6.5],
			"rotation": {"angle": 0, "axis": "y", "origin": [5, 13, 13]},
			"faces": {
				"north": {"uv": [1.625, 0.625, 1.75, 0.875], "texture": "#0"},
				"east": {"uv": [1.375, 0.625, 1.625, 0.875], "texture": "#0"},
				"south": {"uv": [2, 0.625, 2.125, 0.875], "texture": "#0"},
				"west": {"uv": [1.75, 0.625, 2, 0.875], "texture": "#0"},
				"up": {"uv": [1.75, 0.625, 1.625, 0.375], "texture": "#0"},
				"down": {"uv": [1.875, 0.375, 1.75, 0.625], "texture": "#0"}
			}
		},
		{
			"from": [3.65, 13, -9.5],
			"to": [3.65, 16, -6.5],
			"rotation": {"angle": 0, "axis": "y", "origin": [11, 13, 13]},
			"faces": {
				"north": {"uv": [1.75, 2.125, 1.875, 2.375], "texture": "#0"},
				"east": {"uv": [1.5, 2.125, 1.75, 2.375], "texture": "#0"},
				"south": {"uv": [2.125, 2.125, 2.25, 2.375], "texture": "#0"},
				"west": {"uv": [1.875, 2.125, 2.125, 2.375], "texture": "#0"},
				"up": {"uv": [1.875, 2.125, 1.75, 1.875], "texture": "#0"},
				"down": {"uv": [2, 1.875, 1.875, 2.125], "texture": "#0"}
			}
		},
		{
			"from": [3.5, 13, -9.5],
			"to": [8, 16, -9.5],
			"rotation": {"angle": 0, "axis": "y", "origin": [11, 13, 13]},
			"faces": {
				"north": {"uv": [1.5, 0.125, 1.875, 0.375], "texture": "#0"},
				"east": {"uv": [1.375, 0.125, 1.5, 0.375], "texture": "#0"},
				"south": {"uv": [2, 0.125, 2.375, 0.375], "texture": "#0"},
				"west": {"uv": [1.875, 0.125, 2, 0.375], "texture": "#0"},
				"up": {"uv": [1.875, 0.125, 1.5, 0], "texture": "#0"},
				"down": {"uv": [2.25, 0, 1.875, 0.125], "texture": "#0"}
			}
		},
		{
			"from": [8, 13, -9.5],
			"to": [12.5, 16, -9.5],
			"rotation": {"angle": 0, "axis": "y", "origin": [5, 13, 13]},
			"faces": {
				"north": {"uv": [0.125, 0.875, 0.5, 1.125], "texture": "#0"},
				"east": {"uv": [0, 0.875, 0.125, 1.125], "texture": "#0"},
				"south": {"uv": [0.625, 0.875, 1, 1.125], "texture": "#0"},
				"west": {"uv": [0.5, 0.875, 0.625, 1.125], "texture": "#0"},
				"up": {"uv": [0.5, 0.875, 0.125, 0.75], "texture": "#0"},
				"down": {"uv": [0.875, 0.75, 0.5, 0.875], "texture": "#0"}
			}
		},
		{
			"from": [3.5, 8.5, 7],
			"to": [8, 19, 20.5],
			"rotation": {"angle": 0, "axis": "y", "origin": [11, 13, 13]},
			"faces": {
				"north": {"uv": [8.125, 8.125, 8.5, 9], "texture": "#0"},
				"east": {"uv": [7, 8.125, 8.125, 9], "texture": "#0"},
				"south": {"uv": [9.625, 8.125, 10, 9], "texture": "#0"},
				"west": {"uv": [8.5, 8.125, 9.625, 9], "texture": "#0"},
				"up": {"uv": [8.5, 8.125, 8.125, 7], "texture": "#0"},
				"down": {"uv": [8.875, 7, 8.5, 8.125], "texture": "#0"}
			}
		},
		{
			"from": [8, 8.5, 7],
			"to": [12.5, 19, 20.5],
			"rotation": {"angle": 0, "axis": "y", "origin": [5, 13, 13]},
			"faces": {
				"north": {"uv": [7.625, 5.125, 8, 6], "texture": "#0"},
				"east": {"uv": [6.5, 5.125, 7.625, 6], "texture": "#0"},
				"south": {"uv": [9.125, 5.125, 9.5, 6], "texture": "#0"},
				"west": {"uv": [8, 5.125, 9.125, 6], "texture": "#0"},
				"up": {"uv": [8, 5.125, 7.625, 4], "texture": "#0"},
				"down": {"uv": [8.375, 4, 8, 5.125], "texture": "#0"}
			}
		},
		{
			"from": [3.65, 1, -6.5],
			"to": [8.15, 5.5, 13],
			"rotation": {"angle": -22.5, "axis": "x", "origin": [7.25, 5.3125, 8.6875]},
			"faces": {
				"north": {"uv": [1.625, 7.125, 2, 7.5], "texture": "#0"},
				"east": {"uv": [0, 7.125, 1.625, 7.5], "texture": "#0"},
				"south": {"uv": [3.625, 7.125, 4, 7.5], "texture": "#0"},
				"west": {"uv": [2, 7.125, 3.625, 7.5], "texture": "#0"},
				"up": {"uv": [2, 7.125, 1.625, 5.5], "texture": "#0"},
				"down": {"uv": [2.375, 5.5, 2, 7.125], "texture": "#0"}
			}
		},
		{
			"from": [7.85, 1, -6.5],
			"to": [12.35, 5.5, 13],
			"rotation": {"angle": -22.5, "axis": "x", "origin": [8.75, 5.3125, 8.6875]},
			"faces": {
				"north": {"uv": [5.75, 6.75, 6.125, 7.125], "texture": "#0"},
				"east": {"uv": [4.125, 6.75, 5.75, 7.125], "texture": "#0"},
				"south": {"uv": [7.75, 6.75, 8.125, 7.125], "texture": "#0"},
				"west": {"uv": [6.125, 6.75, 7.75, 7.125], "texture": "#0"},
				"up": {"uv": [6.125, 6.75, 5.75, 5.125], "texture": "#0"},
				"down": {"uv": [6.5, 5.125, 6.125, 6.75], "texture": "#0"}
			}
		},
		{
			"from": [3.8, 5.5, -6.5],
			"to": [3.8, 8.5, 2.5],
			"rotation": {"angle": -22.5, "axis": "x", "origin": [7.25, 5.3125, 8.6875]},
			"faces": {
				"north": {"uv": [4, 4.75, 4.125, 5], "texture": "#0"},
				"east": {"uv": [3.25, 4.75, 4, 5], "texture": "#0"},
				"south": {"uv": [4.875, 4.75, 5, 5], "texture": "#0"},
				"west": {"uv": [4.125, 4.75, 4.875, 5], "texture": "#0"},
				"up": {"uv": [4.125, 4.75, 4, 4], "texture": "#0"},
				"down": {"uv": [4.25, 4, 4.125, 4.75], "texture": "#0"}
			}
		},
		{
			"from": [12.2, 5.5, -6.5],
			"to": [12.2, 8.5, 2.5],
			"rotation": {"angle": -22.5, "axis": "x", "origin": [8.75, 5.3125, 8.6875]},
			"faces": {
				"north": {"uv": [4, 0.75, 4.125, 1], "texture": "#0"},
				"east": {"uv": [3.25, 0.75, 4, 1], "texture": "#0"},
				"south": {"uv": [4.875, 0.75, 5, 1], "texture": "#0"},
				"west": {"uv": [4.125, 0.75, 4.875, 1], "texture": "#0"},
				"up": {"uv": [4.125, 0.75, 4, 0], "texture": "#0"},
				"down": {"uv": [4.25, 0, 4.125, 0.75], "texture": "#0"}
			}
		},
		{
			"from": [3.65, 5.5, -6.5],
			"to": [8.15, 8.5, -6.5],
			"rotation": {"angle": -22.5, "axis": "x", "origin": [7.25, 5.3125, 8.6875]},
			"faces": {
				"north": {"uv": [0.125, 0.5, 0.5, 0.75], "texture": "#0"},
				"east": {"uv": [0, 0.5, 0.125, 0.75], "texture": "#0"},
				"south": {"uv": [0.625, 0.5, 1, 0.75], "texture": "#0"},
				"west": {"uv": [0.5, 0.5, 0.625, 0.75], "texture": "#0"},
				"up": {"uv": [0.5, 0.5, 0.125, 0.375], "texture": "#0"},
				"down": {"uv": [0.875, 0.375, 0.5, 0.5], "texture": "#0"}
			}
		},
		{
			"from": [7.85, 5.5, -6.5],
			"to": [12.35, 8.5, -6.5],
			"rotation": {"angle": -22.5, "axis": "x", "origin": [8.75, 5.3125, 8.6875]},
			"faces": {
				"north": {"uv": [0.125, 0.125, 0.5, 0.375], "texture": "#0"},
				"east": {"uv": [0, 0.125, 0.125, 0.375], "texture": "#0"},
				"south": {"uv": [0.625, 0.125, 1, 0.375], "texture": "#0"},
				"west": {"uv": [0.5, 0.125, 0.625, 0.375], "texture": "#0"},
				"up": {"uv": [0.5, 0.125, 0.125, 0], "texture": "#0"},
				"down": {"uv": [0.875, 0, 0.5, 0.125], "texture": "#0"}
			}
		},
		{
			"from": [3.8, 7, 2.5],
			"to": [3.8, 10, 10],
			"rotation": {"angle": -22.5, "axis": "x", "origin": [7.25, 5.3125, 8.6875]},
			"faces": {
				"north": {"uv": [1.5, 5, 1.625, 5.25], "texture": "#0"},
				"east": {"uv": [0.875, 5, 1.5, 5.25], "texture": "#0"},
				"south": {"uv": [2.25, 5, 2.375, 5.25], "texture": "#0"},
				"west": {"uv": [1.625, 5, 2.25, 5.25], "texture": "#0"},
				"up": {"uv": [1.625, 5, 1.5, 4.375], "texture": "#0"},
				"down": {"uv": [1.75, 4.375, 1.625, 5], "texture": "#0"}
			}
		},
		{
			"from": [12.2, 7, 2.5],
			"to": [12.2, 10, 10],
			"rotation": {"angle": -22.5, "axis": "x", "origin": [8.75, 5.3125, 8.6875]},
			"faces": {
				"north": {"uv": [0.625, 4.75, 0.75, 5], "texture": "#0"},
				"east": {"uv": [0, 4.75, 0.625, 5], "texture": "#0"},
				"south": {"uv": [1.375, 4.75, 1.5, 5], "texture": "#0"},
				"west": {"uv": [0.75, 4.75, 1.375, 5], "texture": "#0"},
				"up": {"uv": [0.75, 4.75, 0.625, 4.125], "texture": "#0"},
				"down": {"uv": [0.875, 4.125, 0.75, 4.75], "texture": "#0"}
			}
		},
		{
			"from": [3.65, 2.5, 13],
			"to": [8.15, 5.5, 19],
			"rotation": {"angle": -22.5, "axis": "x", "origin": [7.25, 5.3125, 8.6875]},
			"faces": {
				"north": {"uv": [3.75, 3.75, 4.125, 4], "texture": "#0"},
				"east": {"uv": [3.25, 3.75, 3.75, 4], "texture": "#0"},
				"south": {"uv": [4.625, 3.75, 5, 4], "texture": "#0"},
				"west": {"uv": [4.125, 3.75, 4.625, 4], "texture": "#0"},
				"up": {"uv": [4.125, 3.75, 3.75, 3.25], "texture": "#0"},
				"down": {"uv": [4.5, 3.25, 4.125, 3.75], "texture": "#0"}
			}
		}
	],
	"display": {
		"head": {
			"translation": [0, 48.78, 0],
			"scale": [4, 4, 4]
		}
	},
	"groups": [
		{
			"name": "black_glazed_terracotta",
			"origin": [8, 8, 8],
			"children": [0, 1, 2, 3, 4, 5, 6, 7, 8]
		},
		{
			"name": "Trex",
			"origin": [7.25, 4.3125, 3.6875],
			"children": [9, 10, 11, 12, 13, 14, 15, 16, 17, 18, 19, 20, 21, 22, 23, 24, 25, 26, 27, 28, 29, 30, 31, 32, 33, 34, 35, 36, 37, 38]
		}
	]
}