{
	"credit": "Made with Blockbench",
	"textures": {
		"2": "block/barrel_side",
		"3": "block/cauldron_side",
		"4": "block/polished_andesite",
		"6": "block/smooth_stone",
		"7": "block/cauldron_inner",
		"8": "block/gold_block",
		"9": "block/sandstone_top",
		"10": "block/custom/print",
		"particle": "block/andesite"
	},
	"elements": [
		{
			"from": [1, 1, 1],
			"to": [15, 3, 15],
			"rotation": {"angle": 0, "axis": "y", "origin": [10, 8, 10]},
			"faces": {
				"north": {"uv": [1, 0, 15, 3], "texture": "#4"},
				"east": {"uv": [1, 0, 15, 3], "texture": "#4"},
				"south": {"uv": [1, 0, 15, 3], "texture": "#4"},
				"west": {"uv": [1, 0, 15, 3], "texture": "#4"},
				"up": {"uv": [1, 1, 15, 15], "texture": "#6"}
			}
		},
		{
			"from": [3, 3, 13],
			"to": [5, 12.25, 15],
			"rotation": {"angle": 0, "axis": "y", "origin": [11, 10, 21]},
			"faces": {
				"north": {"uv": [5, 3, 7, 12.25], "texture": "#2"},
				"east": {"uv": [5, 3, 7, 12.25], "texture": "#2"},
				"south": {"uv": [3, 3, 5, 12.25], "texture": "#2"},
				"west": {"uv": [8, 3, 10, 12.25], "texture": "#2"},
				"up": {"uv": [2, 0, 4, 2], "texture": "#2"}
			}
		},
		{
			"from": [11, 3, 13],
			"to": [13, 12.25, 15],
			"rotation": {"angle": 0, "axis": "y", "origin": [19, 10, 21]},
			"faces": {
				"north": {"uv": [5, 3, 7, 12.25], "texture": "#2"},
				"east": {"uv": [6, 3, 8, 12.25], "texture": "#2"},
				"south": {"uv": [9, 3, 11, 12.25], "texture": "#2"},
				"west": {"uv": [5, 3, 7, 12.25], "texture": "#2"},
				"up": {"uv": [0, 0, 2, 2], "texture": "#2"}
			}
		},
		{
			"from": [5, 4, -1.25],
			"to": [11, 12, 2.75],
			"rotation": {"angle": -22.5, "axis": "x", "origin": [16, 15, 6.75]},
			"faces": {
				"north": {"uv": [5, 2, 11, 10], "texture": "#3"},
				"east": {"uv": [10, 2, 14, 10], "texture": "#3"},
				"south": {"uv": [2, 2, 8, 10], "texture": "#3"},
				"west": {"uv": [0, 2, 4, 10], "texture": "#3"},
				"up": {"uv": [9, 6, 15, 10], "rotation": 180, "texture": "#7"},
				"down": {"uv": [7, 9, 13, 13], "texture": "#7"}
			}
		},
		{
			"from": [5, 12, 17.5],
			"to": [11, 20, 19.5],
			"rotation": {"angle": 22.5, "axis": "x", "origin": [0, 23, 13.5]},
			"faces": {
				"north": {"uv": [9, 2, 15, 10], "texture": "#3"},
				"east": {"uv": [9, 2, 13, 10], "texture": "#3"},
				"south": {"uv": [1, 2, 7, 10], "texture": "#3"},
				"west": {"uv": [10, 3, 14, 11], "texture": "#3"},
				"up": {"uv": [7, 8, 13, 12], "rotation": 180, "texture": "#7"},
				"down": {"uv": [2, 3, 8, 7], "rotation": 180, "texture": "#7"}
			}
		},
		{
			"from": [6, -0.5, 4],
			"to": [10, 1.5, 5],
			"rotation": {"angle": 22.5, "axis": "x", "origin": [17, 8.5, 12]},
			"faces": {
				"north": {"uv": [6, 2, 10, 4], "texture": "#8"},
				"east": {"uv": [0, 2, 1, 4], "texture": "#8"},
				"south": {"uv": [4, 3, 8, 5], "texture": "#8"},
				"west": {"uv": [0, 0, 1, 2], "texture": "#8"},
				"up": {"uv": [0, 0, 4, 1], "texture": "#8"},
				"down": {"uv": [0, 0, 4, 1], "texture": "#8"}
			}
		},
		{
			"from": [0, 0, 0],
			"to": [16, 1, 16],
			"faces": {
				"north": {"uv": [0, 15, 16, 16], "texture": "#6"},
				"east": {"uv": [0, 0, 16, 1], "texture": "#6"},
				"south": {"uv": [0, 0, 16, 1], "texture": "#6"},
				"west": {"uv": [0, 15, 16, 16], "texture": "#6"},
				"up": {"uv": [0, 0, 16, 16], "texture": "#6"},
				"down": {"uv": [0, 0, 16, 16], "texture": "#4"}
			}
		},
		{
			"from": [-5.5, 5, 13],
			"to": [21.5, 32, 20],
			"rotation": {"angle": 22.5, "axis": "x", "origin": [7.5, 29, 20]},
			"faces": {
				"north": {"uv": [0, 0, 16, 16], "texture": "#10"},
				"east": {"uv": [0, 0, 7, 16], "texture": "#9"},
				"south": {"uv": [0, 0, 16, 16], "texture": "#9"},
				"west": {"uv": [0, 0, 7, 16], "texture": "#9"},
				"up": {"uv": [0, 0, 16, 7], "texture": "#9"},
				"down": {"uv": [0, 0, 16, 7], "texture": "#9"}
			}
		},
		{
			"from": [-3, 4, 6.5],
			"to": [5, 6, 13.5],
			"rotation": {"angle": 22.5, "axis": "x", "origin": [8, 13, 14.5]},
			"faces": {
				"north": {"uv": [0, 0, 8, 2], "texture": "#9"},
				"east": {"uv": [0, 0, 7, 2], "texture": "#9"},
				"south": {"uv": [0, 0, 8, 2], "texture": "#9"},
				"west": {"uv": [0, 0, 7, 2], "texture": "#9"},
				"up": {"uv": [0, 0, 8, 7], "texture": "#9"},
				"down": {"uv": [0, 0, 8, 7], "texture": "#9"}
			}
		},
		{
			"from": [-3, 30.75, 17.25],
			"to": [14, 32, 24.25],
			"rotation": {"angle": 22.5, "axis": "x", "origin": [8, 39, 25.25]},
			"faces": {
				"north": {"uv": [0, 0, 16, 1.25], "texture": "#9"},
				"east": {"uv": [0, 0, 7, 1.25], "texture": "#9"},
				"south": {"uv": [0, 0, 16, 1.25], "texture": "#9"},
				"west": {"uv": [0, 0, 7, 1.25], "texture": "#9"},
				"up": {"uv": [0, 0, 16, 7], "texture": "#9"},
				"down": {"uv": [0, 0, 16, 7], "texture": "#9"}
			}
		},
		{
			"from": [10, 4, 6.5],
			"to": [17, 6, 13.5],
			"rotation": {"angle": 22.5, "axis": "x", "origin": [23, 13, 14.5]},
			"faces": {
				"north": {"uv": [0, 0, 7, 2], "texture": "#9"},
				"east": {"uv": [0, 0, 7, 2], "texture": "#9"},
				"south": {"uv": [0, 0, 7, 2], "texture": "#9"},
				"west": {"uv": [0, 0, 7, 2], "texture": "#9"},
				"up": {"uv": [0, 0, 7, 7], "texture": "#9"},
				"down": {"uv": [0, 0, 7, 7], "texture": "#9"}
			}
		},
		{
			"from": [-7, 7.75, 12.25],
			"to": [-5, 28.75, 19.25],
			"rotation": {"angle": 22.5, "axis": "x", "origin": [-2, 26.75, 20.25]},
			"faces": {
				"north": {"uv": [0, 0, 2, 16], "texture": "#9"},
				"east": {"uv": [0, 0, 7, 16], "texture": "#9"},
				"south": {"uv": [0, 0, 2, 16], "texture": "#9"},
				"west": {"uv": [0, 0, 7, 16], "texture": "#9"},
				"up": {"uv": [0, 0, 2, 7], "texture": "#9"},
				"down": {"uv": [0, 0, 2, 7], "texture": "#9"}
			}
		},
		{
			"from": [-9, 10.75, 13],
			"to": [-7, 21.75, 20],
			"rotation": {"angle": 22.5, "axis": "x", "origin": [-4, 28.75, 21]},
			"faces": {
				"north": {"uv": [0, 0, 2, 11], "texture": "#9"},
				"east": {"uv": [0, 0, 7, 11], "texture": "#9"},
				"south": {"uv": [0, 0, 2, 11], "texture": "#9"},
				"west": {"uv": [0, 0, 7, 11], "texture": "#9"},
				"up": {"uv": [0, 0, 2, 7], "texture": "#9"},
				"down": {"uv": [0, 0, 2, 7], "texture": "#9"}
			}
		},
		{
			"from": [23, 15.75, 15],
			"to": [25, 26.75, 22],
			"rotation": {"angle": 22.5, "axis": "x", "origin": [28, 33.75, 23]},
			"faces": {
				"north": {"uv": [0, 0, 2, 11], "texture": "#9"},
				"east": {"uv": [0, 0, 7, 11], "texture": "#9"},
				"south": {"uv": [0, 0, 2, 11], "texture": "#9"},
				"west": {"uv": [0, 0, 7, 11], "texture": "#9"},
				"up": {"uv": [0, 0, 2, 7], "texture": "#9"},
				"down": {"uv": [0, 0, 2, 7], "texture": "#9"}
			}
		},
		{
			"from": [21, 9.5, 14.5],
			"to": [23, 30.5, 21.5],
			"rotation": {"angle": 22.5, "axis": "x", "origin": [26, 32.5, 22.5]},
			"faces": {
				"north": {"uv": [0, 0, 2, 16], "texture": "#9"},
				"east": {"uv": [0, 0, 7, 16], "texture": "#9"},
				"south": {"uv": [0, 0, 2, 16], "texture": "#9"},
				"west": {"uv": [0, 0, 7, 16], "texture": "#9"},
				"up": {"uv": [0, 0, 2, 7], "texture": "#9"},
				"down": {"uv": [0, 0, 2, 7], "texture": "#9"}
			}
		}
	],
	"display": {
		"head": {
			"translation": [0, -23.2, 0],
			"scale": [2.5, 2.5, 2.5]
		}
	}
}