{
	"credit": "Made with Blockbench",
	"parent": "block/block",
	"ambientocclusion": false,
	"textures": {
		"0": "block/soul_sand"
	},
	"elements": [
		{
			"from": [4, 30, 4],
			"to": [12, 32, 12],
			"rotation": {"angle": 0, "axis": "y", "origin": [8, 16, 8]},
			"faces": {
				"north": {"uv": [6, 15, 10, 16], "texture": "#0"},
				"east": {"uv": [6, 15, 10, 16], "texture": "#0"},
				"south": {"uv": [6, 15, 10, 16], "texture": "#0"},
				"west": {"uv": [6, 15, 10, 16], "texture": "#0"},
				"up": {"uv": [6, 6, 10, 10], "texture": "#0"},
				"down": {"uv": [6, 6, 10, 10], "texture": "#missing"}
			}
		},
		{
			"from": [2, 28, 2],
			"to": [14, 30, 14],
			"rotation": {"angle": 0, "axis": "y", "origin": [8, 16, 8]},
			"faces": {
				"north": {"uv": [5, 14, 11, 15], "texture": "#0"},
				"east": {"uv": [5, 14, 11, 15], "texture": "#0"},
				"south": {"uv": [5, 14, 11, 15], "texture": "#0"},
				"west": {"uv": [5, 14, 11, 15], "texture": "#0"},
				"up": {"uv": [5, 5, 11, 11], "texture": "#0"},
				"down": {"uv": [5, 5, 11, 11], "texture": "#missing"}
			}
		},
		{
			"from": [2, 26, 2],
			"to": [14, 28, 14],
			"rotation": {"angle": 0, "axis": "y", "origin": [8, 16, 8]},
			"faces": {
				"north": {"uv": [4, 13, 12, 14], "texture": "#0"},
				"east": {"uv": [4, 13, 12, 14], "texture": "#0"},
				"south": {"uv": [4, 13, 12, 14], "texture": "#0"},
				"west": {"uv": [4, 13, 12, 14], "texture": "#0"},
				"up": {"uv": [4, 4, 12, 12], "texture": "#missing"},
				"down": {"uv": [4, 4, 12, 12], "texture": "#missing"}
			}
		},
		{
			"from": [-2, 22, -2],
			"to": [18, 26, 18],
			"rotation": {"angle": 0, "axis": "y", "origin": [8, 16, 8]},
			"faces": {
				"north": {"uv": [3, 11, 13, 13], "texture": "#0"},
				"east": {"uv": [3, 11, 13, 13], "texture": "#0"},
				"south": {"uv": [3, 11, 13, 13], "texture": "#0"},
				"west": {"uv": [3, 11, 13, 13], "texture": "#0"},
				"up": {"uv": [3, 3, 13, 13], "texture": "#0"},
				"down": {"uv": [3, 3, 13, 13], "texture": "#missing"}
			}
		},
		{
			"from": [-4, 16, -4],
			"to": [20, 22, 20],
			"rotation": {"angle": 0, "axis": "y", "origin": [8, 16, 8]},
			"faces": {
				"north": {"uv": [2, 8, 14, 11], "texture": "#0"},
				"east": {"uv": [2, 8, 14, 11], "texture": "#0"},
				"south": {"uv": [2, 8, 14, 11], "texture": "#0"},
				"west": {"uv": [2, 8, 14, 11], "texture": "#0"},
				"up": {"uv": [2, 2, 14, 14], "texture": "#0"},
				"down": {"uv": [2, 2, 14, 14], "texture": "#missing"}
			}
		},
		{
			"from": [-6, 6, -6],
			"to": [22, 16, 22],
			"rotation": {"angle": 0, "axis": "y", "origin": [8, 16, 8]},
			"faces": {
				"north": {"uv": [1, 3, 15, 8], "texture": "#0"},
				"east": {"uv": [1, 3, 15, 8], "texture": "#0"},
				"south": {"uv": [1, 3, 15, 8], "texture": "#0"},
				"west": {"uv": [1, 3, 15, 8], "texture": "#0"},
				"up": {"uv": [1, 1, 15, 15], "texture": "#0"},
				"down": {"uv": [1, 1, 15, 15], "texture": "#0"}
			}
		},
		{
			"from": [-4, 2, -4],
			"to": [20, 6, 20],
			"rotation": {"angle": 0, "axis": "y", "origin": [8, 16, 8]},
			"faces": {
				"north": {"uv": [2, 1, 14, 3], "texture": "#0"},
				"east": {"uv": [2, 1, 14, 3], "texture": "#0"},
				"south": {"uv": [2, 1, 14, 3], "texture": "#0"},
				"west": {"uv": [2, 1, 14, 3], "texture": "#0"},
				"up": {"uv": [2, 2, 14, 14], "texture": "#missing"},
				"down": {"uv": [2, 2, 14, 14], "texture": "#0"}
			}
		},
		{
			"from": [-2, 0, -2],
			"to": [18, 2, 18],
			"rotation": {"angle": 0, "axis": "y", "origin": [8, 16, 8]},
			"faces": {
				"north": {"uv": [3, 0, 13, 1], "texture": "#0"},
				"east": {"uv": [3, 0, 13, 1], "texture": "#0"},
				"south": {"uv": [3, 0, 13, 1], "texture": "#0"},
				"west": {"uv": [3, 0, 13, 1], "texture": "#0"},
				"up": {"uv": [3, 3, 13, 13], "texture": "#missing"},
				"down": {"uv": [3, 3, 13, 13], "texture": "#0"}
			}
		}
	],
	"display": {
		"head": {
			"translation": [0, -26.5, 0],
			"scale": [2.07, 2.07, 2.07]
		}
	}
}