{
	"credit": "Made with Blockbench",
	"parent": "block/block",
	"ambientocclusion": false,
	"textures": {
		"0": "block/andesite",
		"1": "block/polished_andesite",
		"3": "block/smooth_stone",
		"4": "block/gold_block",
		"particle": "block/dragon_egg"
	},
	"elements": [
		{
			"from": [1, 1, 1],
			"to": [15, 2, 15],
			"rotation": {"angle": 0, "axis": "y", "origin": [8, 9, 8]},
			"faces": {
				"north": {"uv": [0, 0, 16, 1], "texture": "#1"},
				"east": {"uv": [0, 15, 16, 16], "texture": "#1"},
				"south": {"uv": [0, 15, 16, 16], "texture": "#1"},
				"west": {"uv": [0, 0, 16, 1], "texture": "#1"},
				"up": {"uv": [1, 1, 15, 15], "texture": "#1"},
				"down": {"uv": [0, 0, 16, 16], "texture": "#1"}
			}
		},
		{
			"from": [0, 0, 0],
			"to": [16, 1, 16],
			"faces": {
				"north": {"uv": [0, 15, 16, 16], "texture": "#1"},
				"east": {"uv": [0, 15, 16, 16], "texture": "#1"},
				"south": {"uv": [0, 0, 16, 1], "texture": "#1"},
				"west": {"uv": [0, 0, 16, 1], "texture": "#1"},
				"up": {"uv": [0, 0, 16, 16], "rotation": 270, "texture": "#1"},
				"down": {"uv": [0, 0, 16, 16], "rotation": 90, "texture": "#1"}
			}
		},
		{
			"from": [2, 2, 2],
			"to": [14, 8, 14],
			"rotation": {"angle": 0, "axis": "y", "origin": [10, 8, 10]},
			"faces": {
				"north": {"uv": [0, 0, 12, 8], "texture": "#0"},
				"east": {"uv": [4, 0, 16, 8], "texture": "#0"},
				"south": {"uv": [0, 8, 12, 16], "texture": "#0"},
				"west": {"uv": [4, 4, 16, 12], "texture": "#0"}
			}
		},
		{
			"from": [0, 8, 0],
			"to": [16, 9, 16],
			"rotation": {"angle": 0, "axis": "y", "origin": [8, 16, 8]},
			"faces": {
				"north": {"uv": [0, 0, 16, 1], "texture": "#3"},
				"east": {"uv": [0, 0, 16, 1], "texture": "#3"},
				"south": {"uv": [0, 0, 16, 1], "texture": "#3"},
				"west": {"uv": [0, 0, 16, 1], "texture": "#3"},
				"up": {"uv": [0, 0, 16, 16], "texture": "#3"},
				"down": {"uv": [0, 0, 16, 16], "texture": "#3"}
			}
		},
		{
			"from": [5, 3.5, 1.5],
			"to": [11, 6.5, 2],
			"rotation": {"angle": 0, "axis": "y", "origin": [13, 12, 9]},
			"faces": {
				"north": {"uv": [1, 1, 7, 4], "texture": "#4"},
				"east": {"uv": [0, 0, 0.5, 3], "texture": "#4"},
				"west": {"uv": [0, 0, 0.5, 3], "texture": "#4"},
				"up": {"uv": [3, 1, 9, 2], "texture": "#4"},
				"down": {"uv": [10, 15, 16, 15.5], "texture": "#4"}
			}
		},
		{
			"from": [1, 7, 1],
			"to": [3, 8, 3],
			"rotation": {"angle": 0, "axis": "y", "origin": [9, 15, 9]},
			"faces": {
				"north": {"uv": [0, 0, 2, 1], "texture": "#1"},
				"east": {"uv": [0, 0, 2, 1], "texture": "#1"},
				"south": {"uv": [0, 0, 2, 1], "texture": "#1"},
				"west": {"uv": [0, 0, 2, 1], "texture": "#1"},
				"down": {"uv": [0, 0, 2, 2], "texture": "#1"}
			}
		},
		{
			"from": [13, 7, 1],
			"to": [15, 8, 3],
			"rotation": {"angle": 0, "axis": "y", "origin": [21, 15, 9]},
			"faces": {
				"north": {"uv": [0, 0, 2, 1], "texture": "#1"},
				"east": {"uv": [0, 0, 2, 1], "texture": "#1"},
				"south": {"uv": [0, 0, 2, 1], "texture": "#1"},
				"west": {"uv": [0, 0, 2, 1], "texture": "#1"},
				"down": {"uv": [0, 0, 2, 2], "texture": "#1"}
			}
		},
		{
			"from": [13, 7, 13],
			"to": [15, 8, 15],
			"rotation": {"angle": 0, "axis": "y", "origin": [21, 15, 21]},
			"faces": {
				"north": {"uv": [0, 0, 2, 1], "texture": "#1"},
				"east": {"uv": [0, 0, 2, 1], "texture": "#1"},
				"south": {"uv": [0, 0, 2, 1], "texture": "#1"},
				"west": {"uv": [0, 0, 2, 1], "texture": "#1"},
				"down": {"uv": [0, 0, 2, 2], "texture": "#1"}
			}
		},
		{
			"from": [1, 7, 13],
			"to": [3, 8, 15],
			"rotation": {"angle": 0, "axis": "y", "origin": [9, 15, 21]},
			"faces": {
				"north": {"uv": [0, 0, 2, 1], "texture": "#1"},
				"east": {"uv": [0, 0, 2, 1], "texture": "#1"},
				"south": {"uv": [0, 0, 2, 1], "texture": "#1"},
				"west": {"uv": [0, 0, 2, 1], "texture": "#1"},
				"down": {"uv": [0, 0, 2, 2], "texture": "#1"}
			}
		},
		{
			"from": [6.6, 18.2, 6.6],
			"to": [9.4, 18.9, 9.4],
			"rotation": {"angle": 0, "axis": "y", "origin": [8, 13.3, 8]},
			"faces": {
				"north": {"uv": [6, 15, 10, 16], "texture": "#4"},
				"east": {"uv": [6, 15, 10, 16], "texture": "#4"},
				"south": {"uv": [6, 15, 10, 16], "texture": "#4"},
				"west": {"uv": [6, 15, 10, 16], "texture": "#4"},
				"up": {"uv": [6, 6, 10, 10], "texture": "#4"},
				"down": {"uv": [6, 6, 10, 10], "texture": "#4"}
			}
		},
		{
			"from": [5.9, 17.5, 5.9],
			"to": [10.1, 18.2, 10.1],
			"rotation": {"angle": 0, "axis": "y", "origin": [8, 13.3, 8]},
			"faces": {
				"north": {"uv": [5, 14, 11, 15], "texture": "#4"},
				"east": {"uv": [5, 14, 11, 15], "texture": "#4"},
				"south": {"uv": [5, 14, 11, 15], "texture": "#4"},
				"west": {"uv": [5, 14, 11, 15], "texture": "#4"},
				"up": {"uv": [5, 5, 11, 11], "texture": "#4"},
				"down": {"uv": [5, 5, 11, 11], "texture": "#4"}
			}
		},
		{
			"from": [5.9, 16.8, 5.9],
			"to": [10.1, 17.5, 10.1],
			"rotation": {"angle": 0, "axis": "y", "origin": [8, 13.3, 8]},
			"faces": {
				"north": {"uv": [4, 13, 12, 14], "texture": "#4"},
				"east": {"uv": [4, 13, 12, 14], "texture": "#4"},
				"south": {"uv": [4, 13, 12, 14], "texture": "#4"},
				"west": {"uv": [4, 13, 12, 14], "texture": "#4"},
				"up": {"uv": [4, 4, 12, 12], "texture": "#4"},
				"down": {"uv": [4, 4, 12, 12], "texture": "#4"}
			}
		},
		{
			"from": [4.5, 15.4, 4.5],
			"to": [11.5, 16.8, 11.5],
			"rotation": {"angle": 0, "axis": "y", "origin": [8, 13.3, 8]},
			"faces": {
				"north": {"uv": [3, 11, 13, 13], "texture": "#4"},
				"east": {"uv": [3, 11, 13, 13], "texture": "#4"},
				"south": {"uv": [3, 11, 13, 13], "texture": "#4"},
				"west": {"uv": [3, 11, 13, 13], "texture": "#4"},
				"up": {"uv": [3, 3, 13, 13], "texture": "#4"},
				"down": {"uv": [3, 3, 13, 13], "texture": "#4"}
			}
		},
		{
			"from": [3.8, 13.3, 3.8],
			"to": [12.2, 15.4, 12.2],
			"rotation": {"angle": 0, "axis": "y", "origin": [8, 13.3, 8]},
			"faces": {
				"north": {"uv": [2, 8, 14, 11], "texture": "#4"},
				"east": {"uv": [2, 8, 14, 11], "texture": "#4"},
				"south": {"uv": [2, 8, 14, 11], "texture": "#4"},
				"west": {"uv": [2, 8, 14, 11], "texture": "#4"},
				"up": {"uv": [2, 2, 14, 14], "texture": "#4"},
				"down": {"uv": [2, 2, 14, 14], "texture": "#4"}
			}
		},
		{
			"from": [3.1, 9.8, 3.1],
			"to": [12.9, 13.3, 12.9],
			"rotation": {"angle": 0, "axis": "y", "origin": [8, 13.3, 8]},
			"faces": {
				"north": {"uv": [1, 3, 15, 8], "texture": "#4"},
				"east": {"uv": [1, 3, 15, 8], "texture": "#4"},
				"south": {"uv": [1, 3, 15, 8], "texture": "#4"},
				"west": {"uv": [1, 3, 15, 8], "texture": "#4"},
				"up": {"uv": [1, 1, 15, 15], "texture": "#4"},
				"down": {"uv": [1, 1, 15, 15], "texture": "#4"}
			}
		},
		{
			"from": [3.8, 8.4, 3.8],
			"to": [12.2, 9.8, 12.2],
			"rotation": {"angle": 0, "axis": "y", "origin": [8, 13.3, 8]},
			"faces": {
				"north": {"uv": [2, 1, 14, 3], "texture": "#4"},
				"east": {"uv": [2, 1, 14, 3], "texture": "#4"},
				"south": {"uv": [2, 1, 14, 3], "texture": "#4"},
				"west": {"uv": [2, 1, 14, 3], "texture": "#4"},
				"up": {"uv": [2, 2, 14, 14], "texture": "#4"},
				"down": {"uv": [2, 2, 14, 14], "texture": "#4"}
			}
		},
		{
			"from": [4.5, 7.7, 4.5],
			"to": [11.5, 8.4, 11.5],
			"rotation": {"angle": 0, "axis": "y", "origin": [8, 13.3, 8]},
			"faces": {
				"north": {"uv": [3, 0, 13, 1], "texture": "#4"},
				"east": {"uv": [3, 0, 13, 1], "texture": "#4"},
				"south": {"uv": [3, 0, 13, 1], "texture": "#4"},
				"west": {"uv": [3, 0, 13, 1], "texture": "#4"},
				"up": {"uv": [3, 3, 13, 13], "texture": "#4"},
				"down": {"uv": [3, 3, 13, 13], "texture": "#4"}
			}
		}
	],
	"display": {
		"head": {
			"translation": [0, -17.6, 0],
			"scale": [3.2, 3.2, 3.2]
		}
	},
	"groups": [0, 1, 2, 3, 4, 5, 6, 7, 8,
		{
			"name": "dragon_egg",
			"origin": [8, 8, 8],
			"children": [9, 10, 11, 12, 13, 14, 15, 16]
		}
	]
}