{
	"credit": "Made with Blockbench",
	"parent": "block/block",
	"ambientocclusion": false,
	"textures": {
		"0": "block/andesite",
		"1": "block/polished_andesite",
		"3": "block/smooth_stone",
		"4": "block/gold_block",
		"5": "item/book",
		"6": "item/written_book",
		"7": "item/knowledge_book",
		"particle": "item/book"
	},
	"elements": [
		{
			"from": [1, 1, 1],
			"to": [15, 2, 15],
			"rotation": {"angle": 0, "axis": "y", "origin": [8, 9, 8]},
			"faces": {
				"north": {"uv": [0, 0, 16, 1], "texture": "#1"},
				"east": {"uv": [0, 15, 16, 16], "texture": "#1"},
				"south": {"uv": [0, 15, 16, 16], "texture": "#1"},
				"west": {"uv": [0, 0, 16, 1], "texture": "#1"},
				"up": {"uv": [1, 1, 15, 15], "texture": "#1"},
				"down": {"uv": [0, 0, 16, 16], "texture": "#1"}
			}
		},
		{
			"from": [0, 0, 0],
			"to": [16, 1, 16],
			"faces": {
				"north": {"uv": [0, 15, 16, 16], "texture": "#1"},
				"east": {"uv": [0, 15, 16, 16], "texture": "#1"},
				"south": {"uv": [0, 0, 16, 1], "texture": "#1"},
				"west": {"uv": [0, 0, 16, 1], "texture": "#1"},
				"up": {"uv": [0, 0, 16, 16], "rotation": 270, "texture": "#1"},
				"down": {"uv": [0, 0, 16, 16], "rotation": 90, "texture": "#1"}
			}
		},
		{
			"from": [2, 2, 2],
			"to": [14, 8, 14],
			"rotation": {"angle": 0, "axis": "y", "origin": [10, 8, 10]},
			"faces": {
				"north": {"uv": [0, 0, 12, 8], "texture": "#0"},
				"east": {"uv": [4, 0, 16, 8], "texture": "#0"},
				"south": {"uv": [0, 8, 12, 16], "texture": "#0"},
				"west": {"uv": [4, 4, 16, 12], "texture": "#0"}
			}
		},
		{
			"from": [0, 8, 0],
			"to": [16, 9, 16],
			"rotation": {"angle": 0, "axis": "y", "origin": [8, 16, 8]},
			"faces": {
				"north": {"uv": [0, 0, 16, 1], "texture": "#3"},
				"east": {"uv": [0, 0, 16, 1], "texture": "#3"},
				"south": {"uv": [0, 0, 16, 1], "texture": "#3"},
				"west": {"uv": [0, 0, 16, 1], "texture": "#3"},
				"up": {"uv": [0, 0, 16, 16], "texture": "#3"},
				"down": {"uv": [0, 0, 16, 16], "texture": "#3"}
			}
		},
		{
			"from": [5, 3.5, 1.5],
			"to": [11, 6.5, 2],
			"rotation": {"angle": 0, "axis": "y", "origin": [13, 12, 9]},
			"faces": {
				"north": {"uv": [1, 1, 7, 4], "texture": "#4"},
				"east": {"uv": [0, 0, 0.5, 3], "texture": "#4"},
				"west": {"uv": [0, 0, 0.5, 3], "texture": "#4"},
				"up": {"uv": [3, 1, 9, 2], "texture": "#4"},
				"down": {"uv": [10, 15, 16, 15.5], "texture": "#4"}
			}
		},
		{
			"from": [1, 7, 1],
			"to": [3, 8, 3],
			"rotation": {"angle": 0, "axis": "y", "origin": [9, 15, 9]},
			"faces": {
				"north": {"uv": [0, 0, 2, 1], "texture": "#1"},
				"east": {"uv": [0, 0, 2, 1], "texture": "#1"},
				"south": {"uv": [0, 0, 2, 1], "texture": "#1"},
				"west": {"uv": [0, 0, 2, 1], "texture": "#1"},
				"down": {"uv": [0, 0, 2, 2], "texture": "#1"}
			}
		},
		{
			"from": [13, 7, 1],
			"to": [15, 8, 3],
			"rotation": {"angle": 0, "axis": "y", "origin": [21, 15, 9]},
			"faces": {
				"north": {"uv": [0, 0, 2, 1], "texture": "#1"},
				"east": {"uv": [0, 0, 2, 1], "texture": "#1"},
				"south": {"uv": [0, 0, 2, 1], "texture": "#1"},
				"west": {"uv": [0, 0, 2, 1], "texture": "#1"},
				"down": {"uv": [0, 0, 2, 2], "texture": "#1"}
			}
		},
		{
			"from": [13, 7, 13],
			"to": [15, 8, 15],
			"rotation": {"angle": 0, "axis": "y", "origin": [21, 15, 21]},
			"faces": {
				"north": {"uv": [0, 0, 2, 1], "texture": "#1"},
				"east": {"uv": [0, 0, 2, 1], "texture": "#1"},
				"south": {"uv": [0, 0, 2, 1], "texture": "#1"},
				"west": {"uv": [0, 0, 2, 1], "texture": "#1"},
				"down": {"uv": [0, 0, 2, 2], "texture": "#1"}
			}
		},
		{
			"from": [1, 7, 13],
			"to": [3, 8, 15],
			"rotation": {"angle": 0, "axis": "y", "origin": [9, 15, 21]},
			"faces": {
				"north": {"uv": [0, 0, 2, 1], "texture": "#1"},
				"east": {"uv": [0, 0, 2, 1], "texture": "#1"},
				"south": {"uv": [0, 0, 2, 1], "texture": "#1"},
				"west": {"uv": [0, 0, 2, 1], "texture": "#1"},
				"down": {"uv": [0, 0, 2, 2], "texture": "#1"}
			}
		},
		{
			"name": "book_0",
			"from": [0.5, 9, 4.5],
			"to": [6.5, 9.5, 6],
			"rotation": {"angle": 22.5, "axis": "y", "origin": [4, 13, 6]},
			"faces": {
				"north": {"uv": [10, 1, 11, 13], "rotation": 90, "texture": "#5"},
				"east": {"uv": [8, 12, 11, 13], "texture": "#5"},
				"south": {"uv": [8, 1, 9, 13], "rotation": 270, "texture": "#5"},
				"west": {"uv": [11, 1, 8, 2], "texture": "#5"},
				"up": {"uv": [8, 1, 11, 13], "rotation": 270, "texture": "#5"},
				"down": {"uv": [8, 13, 11, 1], "rotation": 90, "texture": "#5"}
			}
		},
		{
			"name": "book_1",
			"from": [1, 9, 6],
			"to": [7.5, 9.5, 7],
			"rotation": {"angle": 22.5, "axis": "y", "origin": [4, 13, 6]},
			"faces": {
				"north": {"uv": [7, 2, 8, 15], "rotation": 90, "texture": "#5"},
				"east": {"uv": [6, 14, 8, 15], "texture": "#5"},
				"south": {"uv": [6, 2, 7, 15], "rotation": 270, "texture": "#5"},
				"west": {"uv": [8, 2, 6, 3], "texture": "#5"},
				"up": {"uv": [6, 2, 8, 15], "rotation": 270, "texture": "#5"},
				"down": {"uv": [6, 15, 8, 2], "rotation": 90, "texture": "#5"}
			}
		},
		{
			"name": "book_2",
			"from": [1, 9, 4],
			"to": [6.5, 9.5, 4.5],
			"rotation": {"angle": 22.5, "axis": "y", "origin": [4, 13, 6]},
			"faces": {
				"north": {"uv": [11, 2, 12, 13], "rotation": 90, "texture": "#5"},
				"east": {"uv": [11, 12, 12, 13], "texture": "#5"},
				"south": {"uv": [11, 2, 12, 13], "rotation": 270, "texture": "#5"},
				"west": {"uv": [12, 2, 11, 3], "texture": "#5"},
				"up": {"uv": [11, 2, 12, 13], "rotation": 270, "texture": "#5"},
				"down": {"uv": [11, 13, 12, 2], "rotation": 90, "texture": "#5"}
			}
		},
		{
			"name": "book_3",
			"from": [1.5, 9, 7],
			"to": [7, 9.5, 8],
			"rotation": {"angle": 22.5, "axis": "y", "origin": [4, 13, 6]},
			"faces": {
				"north": {"uv": [5, 3, 6, 14], "rotation": 90, "texture": "#5"},
				"east": {"uv": [4, 13, 6, 14], "texture": "#5"},
				"south": {"uv": [4, 3, 5, 14], "rotation": 270, "texture": "#5"},
				"west": {"uv": [6, 3, 4, 4], "texture": "#5"},
				"up": {"uv": [4, 3, 6, 14], "rotation": 270, "texture": "#5"},
				"down": {"uv": [4, 14, 6, 3], "rotation": 90, "texture": "#5"}
			}
		},
		{
			"name": "book_4",
			"from": [1.5, 9, 3.5],
			"to": [6, 9.5, 4],
			"rotation": {"angle": 22.5, "axis": "y", "origin": [4, 13, 6]},
			"faces": {
				"north": {"uv": [12, 3, 13, 12], "rotation": 90, "texture": "#5"},
				"east": {"uv": [12, 11, 13, 12], "texture": "#5"},
				"south": {"uv": [12, 3, 13, 12], "rotation": 270, "texture": "#5"},
				"west": {"uv": [13, 3, 12, 4], "texture": "#5"},
				"up": {"uv": [12, 3, 13, 12], "rotation": 270, "texture": "#5"},
				"down": {"uv": [12, 12, 13, 3], "rotation": 90, "texture": "#5"}
			}
		},
		{
			"name": "book_5",
			"from": [2, 9, 8],
			"to": [6, 9.5, 9],
			"rotation": {"angle": 22.5, "axis": "y", "origin": [4, 13, 6]},
			"faces": {
				"north": {"uv": [3, 4, 4, 12], "rotation": 90, "texture": "#5"},
				"east": {"uv": [2, 11, 4, 12], "texture": "#5"},
				"south": {"uv": [2, 4, 3, 12], "rotation": 270, "texture": "#5"},
				"west": {"uv": [4, 4, 2, 5], "texture": "#5"},
				"up": {"uv": [2, 4, 4, 12], "rotation": 270, "texture": "#5"},
				"down": {"uv": [2, 12, 4, 4], "rotation": 90, "texture": "#5"}
			}
		},
		{
			"name": "book_6",
			"from": [2, 9, 3],
			"to": [6, 9.5, 3.5],
			"rotation": {"angle": 22.5, "axis": "y", "origin": [4, 13, 6]},
			"faces": {
				"north": {"uv": [13, 4, 14, 12], "rotation": 90, "texture": "#5"},
				"east": {"uv": [13, 11, 14, 12], "texture": "#5"},
				"south": {"uv": [13, 4, 14, 12], "rotation": 270, "texture": "#5"},
				"west": {"uv": [14, 4, 13, 5], "texture": "#5"},
				"up": {"uv": [13, 4, 14, 12], "rotation": 270, "texture": "#5"},
				"down": {"uv": [13, 12, 14, 4], "rotation": 90, "texture": "#5"}
			}
		},
		{
			"name": "book_7",
			"from": [2.5, 9, 9],
			"to": [5, 9.5, 10],
			"rotation": {"angle": 22.5, "axis": "y", "origin": [4, 13, 6]},
			"faces": {
				"north": {"uv": [1, 5, 2, 10], "rotation": 90, "texture": "#5"},
				"east": {"uv": [0, 9, 2, 10], "texture": "#5"},
				"south": {"uv": [0, 5, 1, 10], "rotation": 270, "texture": "#5"},
				"west": {"uv": [2, 5, 0, 6], "texture": "#5"},
				"up": {"uv": [0, 5, 2, 10], "rotation": 270, "texture": "#5"},
				"down": {"uv": [0, 10, 2, 5], "rotation": 90, "texture": "#5"}
			}
		},
		{
			"name": "book_8",
			"from": [2.5, 9, 2.5],
			"to": [5.5, 9.5, 3],
			"rotation": {"angle": 22.5, "axis": "y", "origin": [4, 13, 6]},
			"faces": {
				"north": {"uv": [14, 5, 15, 11], "rotation": 90, "texture": "#5"},
				"east": {"uv": [14, 10, 15, 11], "texture": "#5"},
				"south": {"uv": [14, 5, 15, 11], "rotation": 270, "texture": "#5"},
				"west": {"uv": [15, 5, 14, 6], "texture": "#5"},
				"up": {"uv": [14, 5, 15, 11], "rotation": 270, "texture": "#5"},
				"down": {"uv": [14, 11, 15, 5], "rotation": 90, "texture": "#5"}
			}
		},
		{
			"name": "book_9",
			"from": [3, 9, 2],
			"to": [3.5, 9.5, 2.5],
			"rotation": {"angle": 22.5, "axis": "y", "origin": [4, 13, 6]},
			"faces": {
				"north": {"uv": [15, 6, 16, 7], "rotation": 90, "texture": "#5"},
				"east": {"uv": [15, 6, 16, 7], "texture": "#5"},
				"south": {"uv": [15, 6, 16, 7], "rotation": 270, "texture": "#5"},
				"west": {"uv": [16, 6, 15, 7], "texture": "#5"},
				"up": {"uv": [15, 6, 16, 7], "rotation": 270, "texture": "#5"},
				"down": {"uv": [15, 7, 16, 6], "rotation": 90, "texture": "#5"}
			}
		},
		{
			"name": "book_10",
			"from": [4.5, 9, 2],
			"to": [5.5, 9.5, 2.5],
			"rotation": {"angle": 22.5, "axis": "y", "origin": [4, 13, 6]},
			"faces": {
				"north": {"uv": [15, 9, 16, 11], "rotation": 90, "texture": "#5"},
				"east": {"uv": [15, 10, 16, 11], "texture": "#5"},
				"south": {"uv": [15, 9, 16, 11], "rotation": 270, "texture": "#5"},
				"west": {"uv": [16, 9, 15, 10], "texture": "#5"},
				"up": {"uv": [15, 9, 16, 11], "rotation": 270, "texture": "#5"},
				"down": {"uv": [15, 11, 16, 9], "rotation": 90, "texture": "#5"}
			}
		},
		{
			"name": "book_11",
			"from": [5, 9, 9],
			"to": [5.5, 9.5, 9.5],
			"rotation": {"angle": 22.5, "axis": "y", "origin": [4, 13, 6]},
			"faces": {
				"north": {"uv": [1, 10, 2, 11], "rotation": 90, "texture": "#5"},
				"east": {"uv": [1, 10, 2, 11], "texture": "#5"},
				"south": {"uv": [1, 10, 2, 11], "rotation": 270, "texture": "#5"},
				"west": {"uv": [2, 10, 1, 11], "texture": "#5"},
				"up": {"uv": [1, 10, 2, 11], "rotation": 270, "texture": "#5"},
				"down": {"uv": [1, 11, 2, 10], "rotation": 90, "texture": "#5"}
			}
		},
		{
			"name": "book_12",
			"from": [6, 9, 8],
			"to": [6.5, 9.5, 8.5],
			"rotation": {"angle": 22.5, "axis": "y", "origin": [4, 13, 6]},
			"faces": {
				"north": {"uv": [3, 12, 4, 13], "rotation": 90, "texture": "#5"},
				"east": {"uv": [3, 12, 4, 13], "texture": "#5"},
				"south": {"uv": [3, 12, 4, 13], "rotation": 270, "texture": "#5"},
				"west": {"uv": [4, 12, 3, 13], "texture": "#5"},
				"up": {"uv": [3, 12, 4, 13], "rotation": 270, "texture": "#5"},
				"down": {"uv": [3, 13, 4, 12], "rotation": 90, "texture": "#5"}
			}
		},
		{
			"name": "book_13",
			"from": [6.5, 9, 5],
			"to": [7, 9.5, 6],
			"rotation": {"angle": 22.5, "axis": "y", "origin": [4, 13, 6]},
			"faces": {
				"north": {"uv": [9, 13, 10, 14], "rotation": 90, "texture": "#5"},
				"east": {"uv": [8, 13, 10, 14], "texture": "#5"},
				"south": {"uv": [8, 13, 9, 14], "rotation": 270, "texture": "#5"},
				"west": {"uv": [10, 13, 8, 14], "texture": "#5"},
				"up": {"uv": [8, 13, 10, 14], "rotation": 270, "texture": "#5"},
				"down": {"uv": [8, 14, 10, 13], "rotation": 90, "texture": "#5"}
			}
		},
		{
			"name": "book_14",
			"from": [7, 9, 7],
			"to": [7.5, 9.5, 7.5],
			"rotation": {"angle": 22.5, "axis": "y", "origin": [4, 13, 6]},
			"faces": {
				"north": {"uv": [5, 14, 6, 15], "rotation": 90, "texture": "#5"},
				"east": {"uv": [5, 14, 6, 15], "texture": "#5"},
				"south": {"uv": [5, 14, 6, 15], "rotation": 270, "texture": "#5"},
				"west": {"uv": [6, 14, 5, 15], "texture": "#5"},
				"up": {"uv": [5, 14, 6, 15], "rotation": 270, "texture": "#5"},
				"down": {"uv": [5, 15, 6, 14], "rotation": 90, "texture": "#5"}
			}
		},
		{
			"name": "written_book_0",
			"from": [4.8, 9, 8],
			"to": [12.48, 10, 9.92],
			"rotation": {"angle": -45, "axis": "y", "origin": [8, 17, 8]},
			"faces": {
				"north": {"uv": [8, 1, 9, 13], "rotation": 270, "texture": "#6"},
				"east": {"uv": [11, 1, 8, 2], "texture": "#6"},
				"south": {"uv": [10, 1, 11, 13], "rotation": 90, "texture": "#6"},
				"west": {"uv": [8, 12, 11, 13], "texture": "#6"},
				"up": {"uv": [8, 1, 11, 13], "rotation": 90, "texture": "#6"},
				"down": {"uv": [8, 13, 11, 1], "rotation": 270, "texture": "#6"}
			}
		},
		{
			"name": "written_book_1",
			"from": [3.52, 9, 6.72],
			"to": [11.84, 10, 8],
			"rotation": {"angle": -45, "axis": "y", "origin": [8, 17, 8]},
			"faces": {
				"north": {"uv": [6, 2, 7, 15], "rotation": 270, "texture": "#6"},
				"east": {"uv": [8, 2, 6, 3], "texture": "#6"},
				"south": {"uv": [7, 2, 8, 15], "rotation": 90, "texture": "#6"},
				"west": {"uv": [6, 14, 8, 15], "texture": "#6"},
				"up": {"uv": [6, 2, 8, 15], "rotation": 90, "texture": "#6"},
				"down": {"uv": [6, 15, 8, 2], "rotation": 270, "texture": "#6"}
			}
		},
		{
			"name": "written_book_2",
			"from": [4.8, 9, 9.92],
			"to": [11.84, 10, 10.56],
			"rotation": {"angle": -45, "axis": "y", "origin": [8, 17, 8]},
			"faces": {
				"north": {"uv": [11, 2, 12, 13], "rotation": 270, "texture": "#6"},
				"east": {"uv": [12, 2, 11, 3], "texture": "#6"},
				"south": {"uv": [11, 2, 12, 13], "rotation": 90, "texture": "#6"},
				"west": {"uv": [11, 12, 12, 13], "texture": "#6"},
				"up": {"uv": [11, 2, 12, 13], "rotation": 90, "texture": "#6"},
				"down": {"uv": [11, 13, 12, 2], "rotation": 270, "texture": "#6"}
			}
		},
		{
			"name": "written_book_3",
			"from": [4.16, 9, 5.44],
			"to": [11.2, 10, 6.72],
			"rotation": {"angle": -45, "axis": "y", "origin": [8, 17, 8]},
			"faces": {
				"north": {"uv": [4, 3, 5, 14], "rotation": 270, "texture": "#6"},
				"east": {"uv": [6, 3, 4, 4], "texture": "#6"},
				"south": {"uv": [5, 3, 6, 14], "rotation": 90, "texture": "#6"},
				"west": {"uv": [4, 13, 6, 14], "texture": "#6"},
				"up": {"uv": [4, 3, 6, 14], "rotation": 90, "texture": "#6"},
				"down": {"uv": [4, 14, 6, 3], "rotation": 270, "texture": "#6"}
			}
		},
		{
			"name": "written_book_4",
			"from": [5.44, 9, 10.56],
			"to": [11.2, 10, 11.2],
			"rotation": {"angle": -45, "axis": "y", "origin": [8, 17, 8]},
			"faces": {
				"north": {"uv": [12, 3, 13, 12], "rotation": 270, "texture": "#6"},
				"east": {"uv": [13, 3, 12, 4], "texture": "#6"},
				"south": {"uv": [12, 3, 13, 12], "rotation": 90, "texture": "#6"},
				"west": {"uv": [12, 11, 13, 12], "texture": "#6"},
				"up": {"uv": [12, 3, 13, 12], "rotation": 90, "texture": "#6"},
				"down": {"uv": [12, 12, 13, 3], "rotation": 270, "texture": "#6"}
			}
		},
		{
			"name": "written_book_5",
			"from": [5.44, 9, 4.16],
			"to": [10.56, 10, 5.44],
			"rotation": {"angle": -45, "axis": "y", "origin": [8, 17, 8]},
			"faces": {
				"north": {"uv": [2, 4, 3, 12], "rotation": 270, "texture": "#6"},
				"east": {"uv": [4, 4, 2, 5], "texture": "#6"},
				"south": {"uv": [3, 4, 4, 12], "rotation": 90, "texture": "#6"},
				"west": {"uv": [2, 11, 4, 12], "texture": "#6"},
				"up": {"uv": [2, 4, 4, 12], "rotation": 90, "texture": "#6"},
				"down": {"uv": [2, 12, 4, 4], "rotation": 270, "texture": "#6"}
			}
		},
		{
			"name": "written_book_6",
			"from": [5.44, 9, 11.2],
			"to": [10.56, 10, 11.84],
			"rotation": {"angle": -45, "axis": "y", "origin": [8, 17, 8]},
			"faces": {
				"north": {"uv": [13, 4, 14, 12], "rotation": 270, "texture": "#6"},
				"east": {"uv": [14, 4, 13, 5], "texture": "#6"},
				"south": {"uv": [13, 4, 14, 12], "rotation": 90, "texture": "#6"},
				"west": {"uv": [13, 11, 14, 12], "texture": "#6"},
				"up": {"uv": [13, 4, 14, 12], "rotation": 90, "texture": "#6"},
				"down": {"uv": [13, 12, 14, 4], "rotation": 270, "texture": "#6"}
			}
		},
		{
			"name": "written_book_7",
			"from": [6.72, 9, 2.88],
			"to": [9.92, 10, 4.16],
			"rotation": {"angle": -45, "axis": "y", "origin": [8, 17, 8]},
			"faces": {
				"north": {"uv": [0, 5, 1, 10], "rotation": 270, "texture": "#6"},
				"east": {"uv": [2, 5, 0, 6], "texture": "#6"},
				"south": {"uv": [1, 5, 2, 10], "rotation": 90, "texture": "#6"},
				"west": {"uv": [0, 9, 2, 10], "texture": "#6"},
				"up": {"uv": [0, 5, 2, 10], "rotation": 90, "texture": "#6"},
				"down": {"uv": [0, 10, 2, 5], "rotation": 270, "texture": "#6"}
			}
		},
		{
			"name": "written_book_8",
			"from": [6.08, 9, 11.84],
			"to": [9.92, 10, 12.48],
			"rotation": {"angle": -45, "axis": "y", "origin": [8, 17, 8]},
			"faces": {
				"north": {"uv": [14, 5, 15, 11], "rotation": 270, "texture": "#6"},
				"east": {"uv": [15, 5, 14, 6], "texture": "#6"},
				"south": {"uv": [14, 5, 15, 11], "rotation": 90, "texture": "#6"},
				"west": {"uv": [14, 10, 15, 11], "texture": "#6"},
				"up": {"uv": [14, 5, 15, 11], "rotation": 90, "texture": "#6"},
				"down": {"uv": [14, 11, 15, 5], "rotation": 270, "texture": "#6"}
			}
		},
		{
			"name": "written_book_9",
			"from": [8.64, 9, 12.48],
			"to": [9.28, 10, 13.12],
			"rotation": {"angle": -45, "axis": "y", "origin": [8, 17, 8]},
			"faces": {
				"north": {"uv": [15, 6, 16, 7], "rotation": 270, "texture": "#6"},
				"east": {"uv": [16, 6, 15, 7], "texture": "#6"},
				"south": {"uv": [15, 6, 16, 7], "rotation": 90, "texture": "#6"},
				"west": {"uv": [15, 6, 16, 7], "texture": "#6"},
				"up": {"uv": [15, 6, 16, 7], "rotation": 90, "texture": "#6"},
				"down": {"uv": [15, 7, 16, 6], "rotation": 270, "texture": "#6"}
			}
		},
		{
			"name": "written_book_10",
			"from": [6.08, 9, 12.48],
			"to": [7.36, 10, 13.12],
			"rotation": {"angle": -45, "axis": "y", "origin": [8, 17, 8]},
			"faces": {
				"north": {"uv": [15, 9, 16, 11], "rotation": 270, "texture": "#6"},
				"east": {"uv": [16, 9, 15, 10], "texture": "#6"},
				"south": {"uv": [15, 9, 16, 11], "rotation": 90, "texture": "#6"},
				"west": {"uv": [15, 10, 16, 11], "texture": "#6"},
				"up": {"uv": [15, 9, 16, 11], "rotation": 90, "texture": "#6"},
				"down": {"uv": [15, 11, 16, 9], "rotation": 270, "texture": "#6"}
			}
		},
		{
			"name": "written_book_11",
			"from": [6.08, 9, 3.52],
			"to": [6.72, 10, 4.16],
			"rotation": {"angle": -45, "axis": "y", "origin": [8, 17, 8]},
			"faces": {
				"north": {"uv": [1, 10, 2, 11], "rotation": 270, "texture": "#6"},
				"east": {"uv": [2, 10, 1, 11], "texture": "#6"},
				"south": {"uv": [1, 10, 2, 11], "rotation": 90, "texture": "#6"},
				"west": {"uv": [1, 10, 2, 11], "texture": "#6"},
				"up": {"uv": [1, 10, 2, 11], "rotation": 90, "texture": "#6"},
				"down": {"uv": [1, 11, 2, 10], "rotation": 270, "texture": "#6"}
			}
		},
		{
			"name": "written_book_12",
			"from": [4.8, 9, 4.8],
			"to": [5.44, 10, 5.44],
			"rotation": {"angle": -45, "axis": "y", "origin": [8, 17, 8]},
			"faces": {
				"north": {"uv": [3, 12, 4, 13], "rotation": 270, "texture": "#6"},
				"east": {"uv": [4, 12, 3, 13], "texture": "#6"},
				"south": {"uv": [3, 12, 4, 13], "rotation": 90, "texture": "#6"},
				"west": {"uv": [3, 12, 4, 13], "texture": "#6"},
				"up": {"uv": [3, 12, 4, 13], "rotation": 90, "texture": "#6"},
				"down": {"uv": [3, 13, 4, 12], "rotation": 270, "texture": "#6"}
			}
		},
		{
			"name": "written_book_13",
			"from": [4.16, 9, 8],
			"to": [4.8, 10, 9.28],
			"rotation": {"angle": -45, "axis": "y", "origin": [8, 17, 8]},
			"faces": {
				"north": {"uv": [8, 13, 9, 14], "rotation": 270, "texture": "#6"},
				"east": {"uv": [10, 13, 8, 14], "texture": "#6"},
				"south": {"uv": [9, 13, 10, 14], "rotation": 90, "texture": "#6"},
				"west": {"uv": [8, 13, 10, 14], "texture": "#6"},
				"up": {"uv": [8, 13, 10, 14], "rotation": 90, "texture": "#6"},
				"down": {"uv": [8, 14, 10, 13], "rotation": 270, "texture": "#6"}
			}
		},
		{
			"name": "written_book_14",
			"from": [3.52, 9, 6.08],
			"to": [4.16, 10, 6.72],
			"rotation": {"angle": -45, "axis": "y", "origin": [8, 17, 8]},
			"faces": {
				"north": {"uv": [5, 14, 6, 15], "rotation": 270, "texture": "#6"},
				"east": {"uv": [6, 14, 5, 15], "texture": "#6"},
				"south": {"uv": [5, 14, 6, 15], "rotation": 90, "texture": "#6"},
				"west": {"uv": [5, 14, 6, 15], "texture": "#6"},
				"up": {"uv": [5, 14, 6, 15], "rotation": 90, "texture": "#6"},
				"down": {"uv": [5, 15, 6, 14], "rotation": 270, "texture": "#6"}
			}
		},
		{
			"name": "knowledge_book_0",
			"from": [8, 7.25, 10],
			"to": [10.25, 16.25, 11],
			"rotation": {"angle": 22.5, "axis": "x", "origin": [8, 11, 18]},
			"faces": {
				"north": {"uv": [8, 13, 11, 1], "rotation": 180, "texture": "#7"},
				"east": {"uv": [10, 1, 11, 13], "texture": "#7"},
				"south": {"uv": [8, 1, 11, 13], "texture": "#7"},
				"west": {"uv": [8, 1, 9, 13], "texture": "#7"},
				"up": {"uv": [11, 1, 8, 2], "rotation": 180, "texture": "#7"},
				"down": {"uv": [8, 12, 11, 13], "texture": "#7"}
			}
		},
		{
			"name": "knowledge_book_1",
			"from": [6.5, 5.75, 10],
			"to": [8, 15.5, 11],
			"rotation": {"angle": 22.5, "axis": "x", "origin": [8, 11, 18]},
			"faces": {
				"north": {"uv": [6, 15, 8, 2], "rotation": 180, "texture": "#7"},
				"east": {"uv": [7, 2, 8, 15], "texture": "#7"},
				"south": {"uv": [6, 2, 8, 15], "texture": "#7"},
				"west": {"uv": [6, 2, 7, 15], "texture": "#7"},
				"up": {"uv": [8, 2, 6, 3], "rotation": 180, "texture": "#7"},
				"down": {"uv": [6, 14, 8, 15], "texture": "#7"}
			}
		},
		{
			"name": "knowledge_book_2",
			"from": [10.25, 7.25, 10],
			"to": [11, 15.5, 11],
			"rotation": {"angle": 22.5, "axis": "x", "origin": [8, 11, 18]},
			"faces": {
				"north": {"uv": [11, 13, 12, 2], "rotation": 180, "texture": "#7"},
				"east": {"uv": [11, 2, 12, 13], "texture": "#7"},
				"south": {"uv": [11, 2, 12, 13], "texture": "#7"},
				"west": {"uv": [11, 2, 12, 13], "texture": "#7"},
				"up": {"uv": [12, 2, 11, 3], "rotation": 180, "texture": "#7"},
				"down": {"uv": [11, 12, 12, 13], "texture": "#7"}
			}
		},
		{
			"name": "knowledge_book_3",
			"from": [5, 6.5, 10],
			"to": [6.5, 14.75, 11],
			"rotation": {"angle": 22.5, "axis": "x", "origin": [8, 11, 18]},
			"faces": {
				"north": {"uv": [4, 14, 6, 3], "rotation": 180, "texture": "#7"},
				"east": {"uv": [5, 3, 6, 14], "texture": "#7"},
				"south": {"uv": [4, 3, 6, 14], "texture": "#7"},
				"west": {"uv": [4, 3, 5, 14], "texture": "#7"},
				"up": {"uv": [6, 3, 4, 4], "rotation": 180, "texture": "#7"},
				"down": {"uv": [4, 13, 6, 14], "texture": "#7"}
			}
		},
		{
			"name": "knowledge_book_4",
			"from": [11, 8, 10],
			"to": [11.75, 14.75, 11],
			"rotation": {"angle": 22.5, "axis": "x", "origin": [8, 11, 18]},
			"faces": {
				"north": {"uv": [12, 12, 13, 3], "rotation": 180, "texture": "#7"},
				"east": {"uv": [12, 3, 13, 12], "texture": "#7"},
				"south": {"uv": [12, 3, 13, 12], "texture": "#7"},
				"west": {"uv": [12, 3, 13, 12], "texture": "#7"},
				"up": {"uv": [13, 3, 12, 4], "rotation": 180, "texture": "#7"},
				"down": {"uv": [12, 11, 13, 12], "texture": "#7"}
			}
		},
		{
			"name": "knowledge_book_5",
			"from": [3.5, 8, 10],
			"to": [5, 14, 11],
			"rotation": {"angle": 22.5, "axis": "x", "origin": [8, 11, 18]},
			"faces": {
				"north": {"uv": [2, 12, 4, 4], "rotation": 180, "texture": "#7"},
				"east": {"uv": [3, 4, 4, 12], "texture": "#7"},
				"south": {"uv": [2, 4, 4, 12], "texture": "#7"},
				"west": {"uv": [2, 4, 3, 12], "texture": "#7"},
				"up": {"uv": [4, 4, 2, 5], "rotation": 180, "texture": "#7"},
				"down": {"uv": [2, 11, 4, 12], "texture": "#7"}
			}
		},
		{
			"name": "knowledge_book_6",
			"from": [11.75, 8, 10],
			"to": [12.5, 14, 11],
			"rotation": {"angle": 22.5, "axis": "x", "origin": [8, 11, 18]},
			"faces": {
				"north": {"uv": [13, 12, 14, 4], "rotation": 180, "texture": "#7"},
				"east": {"uv": [13, 4, 14, 12], "texture": "#7"},
				"south": {"uv": [13, 4, 14, 12], "texture": "#7"},
				"west": {"uv": [13, 4, 14, 12], "texture": "#7"},
				"up": {"uv": [14, 4, 13, 5], "rotation": 180, "texture": "#7"},
				"down": {"uv": [13, 11, 14, 12], "texture": "#7"}
			}
		},
		{
			"name": "knowledge_book_7",
			"from": [2, 9.5, 10],
			"to": [3.5, 13.25, 11],
			"rotation": {"angle": 22.5, "axis": "x", "origin": [8, 11, 18]},
			"faces": {
				"north": {"uv": [0, 10, 2, 5], "rotation": 180, "texture": "#7"},
				"east": {"uv": [1, 5, 2, 10], "texture": "#7"},
				"south": {"uv": [0, 5, 2, 10], "texture": "#7"},
				"west": {"uv": [0, 5, 1, 10], "texture": "#7"},
				"up": {"uv": [2, 5, 0, 6], "rotation": 180, "texture": "#7"},
				"down": {"uv": [0, 9, 2, 10], "texture": "#7"}
			}
		},
		{
			"name": "knowledge_book_8",
			"from": [12.5, 8.75, 10],
			"to": [13.25, 13.25, 11],
			"rotation": {"angle": 22.5, "axis": "x", "origin": [8, 11, 18]},
			"faces": {
				"north": {"uv": [14, 11, 15, 5], "rotation": 180, "texture": "#7"},
				"east": {"uv": [14, 5, 15, 11], "texture": "#7"},
				"south": {"uv": [14, 5, 15, 11], "texture": "#7"},
				"west": {"uv": [14, 5, 15, 11], "texture": "#7"},
				"up": {"uv": [15, 5, 14, 6], "rotation": 180, "texture": "#7"},
				"down": {"uv": [14, 10, 15, 11], "texture": "#7"}
			}
		},
		{
			"name": "knowledge_book_9",
			"from": [13.25, 11.75, 10],
			"to": [14, 12.5, 11],
			"rotation": {"angle": 22.5, "axis": "x", "origin": [8, 11, 18]},
			"faces": {
				"north": {"uv": [15, 7, 16, 6], "rotation": 180, "texture": "#7"},
				"east": {"uv": [15, 6, 16, 7], "texture": "#7"},
				"south": {"uv": [15, 6, 16, 7], "texture": "#7"},
				"west": {"uv": [15, 6, 16, 7], "texture": "#7"},
				"up": {"uv": [16, 6, 15, 7], "rotation": 180, "texture": "#7"},
				"down": {"uv": [15, 6, 16, 7], "texture": "#7"}
			}
		},
		{
			"name": "knowledge_book_10",
			"from": [13.25, 8.75, 10],
			"to": [14, 10.25, 11],
			"rotation": {"angle": 22.5, "axis": "x", "origin": [8, 11, 18]},
			"faces": {
				"north": {"uv": [15, 11, 16, 9], "rotation": 180, "texture": "#7"},
				"east": {"uv": [15, 9, 16, 11], "texture": "#7"},
				"south": {"uv": [15, 9, 16, 11], "texture": "#7"},
				"west": {"uv": [15, 9, 16, 11], "texture": "#7"},
				"up": {"uv": [16, 9, 15, 10], "rotation": 180, "texture": "#7"},
				"down": {"uv": [15, 10, 16, 11], "texture": "#7"}
			}
		},
		{
			"name": "knowledge_book_11",
			"from": [2.75, 8.75, 10],
			"to": [3.5, 9.5, 11],
			"rotation": {"angle": 22.5, "axis": "x", "origin": [8, 11, 18]},
			"faces": {
				"north": {"uv": [1, 11, 2, 10], "rotation": 180, "texture": "#7"},
				"east": {"uv": [1, 10, 2, 11], "texture": "#7"},
				"south": {"uv": [1, 10, 2, 11], "texture": "#7"},
				"west": {"uv": [1, 10, 2, 11], "texture": "#7"},
				"up": {"uv": [2, 10, 1, 11], "rotation": 180, "texture": "#7"},
				"down": {"uv": [1, 10, 2, 11], "texture": "#7"}
			}
		},
		{
			"name": "knowledge_book_12",
			"from": [4.25, 7.25, 10],
			"to": [5, 8, 11],
			"rotation": {"angle": 22.5, "axis": "x", "origin": [8, 11, 18]},
			"faces": {
				"north": {"uv": [3, 13, 4, 12], "rotation": 180, "texture": "#7"},
				"east": {"uv": [3, 12, 4, 13], "texture": "#7"},
				"south": {"uv": [3, 12, 4, 13], "texture": "#7"},
				"west": {"uv": [3, 12, 4, 13], "texture": "#7"},
				"up": {"uv": [4, 12, 3, 13], "rotation": 180, "texture": "#7"},
				"down": {"uv": [3, 12, 4, 13], "texture": "#7"}
			}
		},
		{
			"name": "knowledge_book_13",
			"from": [8, 6.5, 10],
			"to": [9.5, 7.25, 11],
			"rotation": {"angle": 22.5, "axis": "x", "origin": [8, 11, 18]},
			"faces": {
				"north": {"uv": [8, 14, 10, 13], "rotation": 180, "texture": "#7"},
				"east": {"uv": [9, 13, 10, 14], "texture": "#7"},
				"south": {"uv": [8, 13, 10, 14], "texture": "#7"},
				"west": {"uv": [8, 13, 9, 14], "texture": "#7"},
				"up": {"uv": [10, 13, 8, 14], "rotation": 180, "texture": "#7"},
				"down": {"uv": [8, 13, 10, 14], "texture": "#7"}
			}
		},
		{
			"name": "knowledge_book_14",
			"from": [5.75, 5.75, 10],
			"to": [6.5, 6.5, 11],
			"rotation": {"angle": 22.5, "axis": "x", "origin": [8, 11, 18]},
			"faces": {
				"north": {"uv": [5, 15, 6, 14], "rotation": 180, "texture": "#7"},
				"east": {"uv": [5, 14, 6, 15], "texture": "#7"},
				"south": {"uv": [5, 14, 6, 15], "texture": "#7"},
				"west": {"uv": [5, 14, 6, 15], "texture": "#7"},
				"up": {"uv": [6, 14, 5, 15], "rotation": 180, "texture": "#7"},
				"down": {"uv": [5, 14, 6, 15], "texture": "#7"}
			}
		},
		{
			"name": "book_0",
			"from": [8.5, 9, 9.5],
			"to": [10, 9.5, 15.5],
			"rotation": {"angle": 22.5, "axis": "y", "origin": [4, 13, 6]},
			"faces": {
				"north": {"uv": [8, 12, 11, 13], "texture": "#missing"},
				"east": {"uv": [8, 1, 9, 13], "rotation": 270, "texture": "#5"},
				"south": {"uv": [11, 1, 8, 2], "texture": "#5"},
				"west": {"uv": [10, 1, 11, 13], "rotation": 90, "texture": "#5"},
				"up": {"uv": [8, 1, 11, 13], "rotation": 180, "texture": "#5"},
				"down": {"uv": [8, 13, 11, 1], "rotation": 180, "texture": "#missing"}
			}
		},
		{
			"name": "book_1",
			"from": [10, 9, 8.5],
			"to": [11, 9.5, 15],
			"rotation": {"angle": 22.5, "axis": "y", "origin": [4, 13, 6]},
			"faces": {
				"north": {"uv": [6, 14, 8, 15], "texture": "#missing"},
				"east": {"uv": [6, 2, 7, 15], "rotation": 270, "texture": "#5"},
				"south": {"uv": [8, 2, 6, 3], "texture": "#5"},
				"west": {"uv": [7, 2, 8, 15], "rotation": 90, "texture": "#missing"},
				"up": {"uv": [6, 2, 8, 15], "rotation": 180, "texture": "#5"},
				"down": {"uv": [6, 15, 8, 2], "rotation": 180, "texture": "#missing"}
			}
		},
		{
			"name": "book_2",
			"from": [8, 9, 9.5],
			"to": [8.5, 9.5, 15],
			"rotation": {"angle": 22.5, "axis": "y", "origin": [4, 13, 6]},
			"faces": {
				"north": {"uv": [11, 12, 12, 13], "texture": "#missing"},
				"east": {"uv": [11, 2, 12, 13], "rotation": 270, "texture": "#missing"},
				"south": {"uv": [12, 2, 11, 3], "texture": "#5"},
				"west": {"uv": [11, 2, 12, 13], "rotation": 90, "texture": "#5"},
				"up": {"uv": [11, 2, 12, 13], "rotation": 180, "texture": "#5"},
				"down": {"uv": [11, 13, 12, 2], "rotation": 180, "texture": "#missing"}
			}
		},
		{
			"name": "book_3",
			"from": [11, 9, 9],
			"to": [12, 9.5, 14.5],
			"rotation": {"angle": 22.5, "axis": "y", "origin": [4, 13, 6]},
			"faces": {
				"north": {"uv": [4, 13, 6, 14], "texture": "#missing"},
				"east": {"uv": [4, 3, 5, 14], "rotation": 270, "texture": "#5"},
				"south": {"uv": [6, 3, 4, 4], "texture": "#5"},
				"west": {"uv": [5, 3, 6, 14], "rotation": 90, "texture": "#missing"},
				"up": {"uv": [4, 3, 6, 14], "rotation": 180, "texture": "#5"},
				"down": {"uv": [4, 14, 6, 3], "rotation": 180, "texture": "#missing"}
			}
		},
		{
			"name": "book_4",
			"from": [7.5, 9, 10],
			"to": [8, 9.5, 14.5],
			"rotation": {"angle": 22.5, "axis": "y", "origin": [4, 13, 6]},
			"faces": {
				"north": {"uv": [12, 11, 13, 12], "texture": "#missing"},
				"east": {"uv": [12, 3, 13, 12], "rotation": 270, "texture": "#missing"},
				"south": {"uv": [13, 3, 12, 4], "texture": "#5"},
				"west": {"uv": [12, 3, 13, 12], "rotation": 90, "texture": "#5"},
				"up": {"uv": [12, 3, 13, 12], "rotation": 180, "texture": "#5"},
				"down": {"uv": [12, 12, 13, 3], "rotation": 180, "texture": "#missing"}
			}
		},
		{
			"name": "book_5",
			"from": [12, 9, 10],
			"to": [13, 9.5, 14],
			"rotation": {"angle": 22.5, "axis": "y", "origin": [4, 13, 6]},
			"faces": {
				"north": {"uv": [2, 11, 4, 12], "texture": "#5"},
				"east": {"uv": [2, 4, 3, 12], "rotation": 270, "texture": "#5"},
				"south": {"uv": [4, 4, 2, 5], "texture": "#5"},
				"west": {"uv": [3, 4, 4, 12], "rotation": 90, "texture": "#missing"},
				"up": {"uv": [2, 4, 4, 12], "rotation": 180, "texture": "#5"},
				"down": {"uv": [2, 12, 4, 4], "rotation": 180, "texture": "#missing"}
			}
		},
		{
			"name": "book_6",
			"from": [7, 9, 10],
			"to": [7.5, 9.5, 14],
			"rotation": {"angle": 22.5, "axis": "y", "origin": [4, 13, 6]},
			"faces": {
				"north": {"uv": [13, 11, 14, 12], "texture": "#missing"},
				"east": {"uv": [13, 4, 14, 12], "rotation": 270, "texture": "#missing"},
				"south": {"uv": [14, 4, 13, 5], "texture": "#missing"},
				"west": {"uv": [13, 4, 14, 12], "rotation": 90, "texture": "#missing"},
				"up": {"uv": [13, 4, 14, 12], "rotation": 180, "texture": "#5"},
				"down": {"uv": [13, 12, 14, 4], "rotation": 180, "texture": "#missing"}
			}
		},
		{
			"name": "book_7",
			"from": [13, 9, 11],
			"to": [14, 9.5, 13.5],
			"rotation": {"angle": 22.5, "axis": "y", "origin": [4, 13, 6]},
			"faces": {
				"north": {"uv": [0, 9, 2, 10], "texture": "#5"},
				"east": {"uv": [0, 5, 1, 10], "rotation": 270, "texture": "#5"},
				"south": {"uv": [2, 5, 0, 6], "texture": "#5"},
				"west": {"uv": [1, 5, 2, 10], "rotation": 90, "texture": "#missing"},
				"up": {"uv": [0, 5, 2, 10], "rotation": 180, "texture": "#5"},
				"down": {"uv": [0, 10, 2, 5], "rotation": 180, "texture": "#missing"}
			}
		},
		{
			"name": "book_8",
			"from": [6.5, 9, 10.5],
			"to": [7, 9.5, 13.5],
			"rotation": {"angle": 22.5, "axis": "y", "origin": [4, 13, 6]},
			"faces": {
				"north": {"uv": [14, 10, 15, 11], "texture": "#missing"},
				"east": {"uv": [14, 5, 15, 11], "rotation": 270, "texture": "#missing"},
				"south": {"uv": [15, 5, 14, 6], "texture": "#missing"},
				"west": {"uv": [14, 5, 15, 11], "rotation": 90, "texture": "#missing"},
				"up": {"uv": [14, 5, 15, 11], "rotation": 180, "texture": "#5"},
				"down": {"uv": [14, 11, 15, 5], "rotation": 180, "texture": "#missing"}
			}
		},
		{
			"name": "book_9",
			"from": [6, 9, 12.5],
			"to": [6.5, 9.5, 13],
			"rotation": {"angle": 22.5, "axis": "y", "origin": [4, 13, 6]},
			"faces": {
				"north": {"uv": [15, 6, 16, 7], "texture": "#missing"},
				"east": {"uv": [15, 6, 16, 7], "rotation": 270, "texture": "#missing"},
				"south": {"uv": [16, 6, 15, 7], "texture": "#missing"},
				"west": {"uv": [15, 6, 16, 7], "rotation": 90, "texture": "#missing"},
				"up": {"uv": [15, 6, 16, 7], "rotation": 180, "texture": "#5"},
				"down": {"uv": [15, 7, 16, 6], "rotation": 180, "texture": "#missing"}
			}
		},
		{
			"name": "book_10",
			"from": [6, 9, 10.5],
			"to": [6.5, 9.5, 11.5],
			"rotation": {"angle": 22.5, "axis": "y", "origin": [4, 13, 6]},
			"faces": {
				"north": {"uv": [15, 10, 16, 11], "texture": "#missing"},
				"east": {"uv": [15, 9, 16, 11], "rotation": 270, "texture": "#missing"},
				"south": {"uv": [16, 9, 15, 10], "texture": "#missing"},
				"west": {"uv": [15, 9, 16, 11], "rotation": 90, "texture": "#missing"},
				"up": {"uv": [15, 9, 16, 11], "rotation": 180, "texture": "#5"},
				"down": {"uv": [15, 11, 16, 9], "rotation": 180, "texture": "#missing"}
			}
		},
		{
			"name": "book_11",
			"from": [13, 9, 10.5],
			"to": [13.5, 9.5, 11],
			"rotation": {"angle": 22.5, "axis": "y", "origin": [4, 13, 6]},
			"faces": {
				"north": {"uv": [1, 10, 2, 11], "texture": "#5"},
				"east": {"uv": [1, 10, 2, 11], "rotation": 270, "texture": "#5"},
				"south": {"uv": [2, 10, 1, 11], "texture": "#missing"},
				"west": {"uv": [1, 10, 2, 11], "rotation": 90, "texture": "#missing"},
				"up": {"uv": [1, 10, 2, 11], "rotation": 180, "texture": "#5"},
				"down": {"uv": [1, 11, 2, 10], "rotation": 180, "texture": "#missing"}
			}
		},
		{
			"name": "book_12",
			"from": [12, 9, 9.5],
			"to": [12.5, 9.5, 10],
			"rotation": {"angle": 22.5, "axis": "y", "origin": [4, 13, 6]},
			"faces": {
				"north": {"uv": [3, 12, 4, 13], "texture": "#5"},
				"east": {"uv": [3, 12, 4, 13], "rotation": 270, "texture": "#5"},
				"south": {"uv": [4, 12, 3, 13], "texture": "#missing"},
				"west": {"uv": [3, 12, 4, 13], "rotation": 90, "texture": "#missing"},
				"up": {"uv": [3, 12, 4, 13], "rotation": 180, "texture": "#5"},
				"down": {"uv": [3, 13, 4, 12], "rotation": 180, "texture": "#missing"}
			}
		},
		{
			"name": "book_13",
			"from": [9, 9, 9],
			"to": [10, 9.5, 9.5],
			"rotation": {"angle": 22.5, "axis": "y", "origin": [4, 13, 6]},
			"faces": {
				"north": {"uv": [8, 13, 10, 14], "texture": "#missing"},
				"east": {"uv": [8, 13, 9, 14], "rotation": 270, "texture": "#missing"},
				"south": {"uv": [10, 13, 8, 14], "texture": "#missing"},
				"west": {"uv": [9, 13, 10, 14], "rotation": 90, "texture": "#missing"},
				"up": {"uv": [8, 13, 10, 14], "rotation": 180, "texture": "#5"},
				"down": {"uv": [8, 14, 10, 13], "rotation": 180, "texture": "#missing"}
			}
		},
		{
			"name": "book_14",
			"from": [11, 9, 8.5],
			"to": [11.5, 9.5, 9],
			"rotation": {"angle": 22.5, "axis": "y", "origin": [4, 13, 6]},
			"faces": {
				"north": {"uv": [5, 14, 6, 15], "texture": "#missing"},
				"east": {"uv": [5, 14, 6, 15], "rotation": 270, "texture": "#missing"},
				"south": {"uv": [6, 14, 5, 15], "texture": "#missing"},
				"west": {"uv": [5, 14, 6, 15], "rotation": 90, "texture": "#missing"},
				"up": {"uv": [5, 14, 6, 15], "rotation": 180, "texture": "#5"},
				"down": {"uv": [5, 15, 6, 14], "rotation": 180, "texture": "#missing"}
			}
		},
		{
			"from": [6, 9, 13],
			"to": [10, 17, 15],
			"rotation": {"angle": 0, "axis": "y", "origin": [15, 17, 21]},
			"faces": {
				"north": {"uv": [6, 0, 10, 8], "texture": "#3"},
				"east": {"uv": [10, 0, 12, 8], "texture": "#3"},
				"south": {"uv": [2, 0, 6, 8], "texture": "#3"},
				"west": {"uv": [1, 0, 3, 8], "texture": "#3"},
				"up": {"uv": [1, 1, 5, 3], "texture": "#3"},
				"down": {"uv": [0, 0, 4, 2], "texture": "#missing"}
			}
		}
	],
	"display": {
		"head": {
			"translation": [0, -17.6, 0],
			"scale": [3.2, 3.2, 3.2]
		}
	},
	"groups": [0, 1, 2, 3, 4, 5, 6, 7, 8,
		{
			"name": "book",
			"origin": [8, 8, 8],
			"children": [9, 10, 11, 12, 13, 14, 15, 16, 17, 18, 19, 20, 21, 22, 23]
		},
		{
			"name": "written_book",
			"origin": [8, 8, 8],
			"children": [24, 25, 26, 27, 28, 29, 30, 31, 32, 33, 34, 35, 36, 37, 38]
		},
		{
			"name": "knowledge_book",
			"origin": [8, 8, 8],
			"children": [39, 40, 41, 42, 43, 44, 45, 46, 47, 48, 49, 50, 51, 52, 53]
		},
		{
			"name": "book",
			"origin": [8, 8, 8],
			"children": [54, 55, 56, 57, 58, 59, 60, 61, 62, 63, 64, 65, 66, 67, 68]
		}, 69]
}