{
	"credit": "Made with Blockbench",
	"textures": {
		"0": "block/andesite",
		"1": "block/polished_andesite",
		"3": "block/smooth_stone",
		"4": "block/gold_block",
		"5": "item/iron_sword",
		"7": "item/chainmail_helmet",
		"particle": "block/andesite"
	},
	"elements": [
		{
			"from": [1, 1, 1],
			"to": [15, 2, 15],
			"rotation": {"angle": 0, "axis": "y", "origin": [8, 9, 8]},
			"faces": {
				"north": {"uv": [0, 0, 16, 1], "texture": "#1"},
				"east": {"uv": [0, 15, 16, 16], "texture": "#1"},
				"south": {"uv": [0, 15, 16, 16], "texture": "#1"},
				"west": {"uv": [0, 0, 16, 1], "texture": "#1"},
				"up": {"uv": [1, 1, 15, 15], "texture": "#1"},
				"down": {"uv": [0, 0, 16, 16], "texture": "#1"}
			}
		},
		{
			"from": [0, 0, 0],
			"to": [16, 1, 16],
			"faces": {
				"north": {"uv": [0, 15, 16, 16], "texture": "#1"},
				"east": {"uv": [0, 15, 16, 16], "texture": "#1"},
				"south": {"uv": [0, 0, 16, 1], "texture": "#1"},
				"west": {"uv": [0, 0, 16, 1], "texture": "#1"},
				"up": {"uv": [0, 0, 16, 16], "rotation": 270, "texture": "#1"},
				"down": {"uv": [0, 0, 16, 16], "rotation": 90, "texture": "#1"}
			}
		},
		{
			"from": [2, 2, 2],
			"to": [14, 8, 14],
			"rotation": {"angle": 0, "axis": "y", "origin": [10, 8, 10]},
			"faces": {
				"north": {"uv": [0, 0, 12, 8], "texture": "#0"},
				"east": {"uv": [4, 0, 16, 8], "texture": "#0"},
				"south": {"uv": [0, 8, 12, 16], "texture": "#0"},
				"west": {"uv": [4, 4, 16, 12], "texture": "#0"}
			}
		},
		{
			"from": [0, 8, 0],
			"to": [16, 9, 16],
			"rotation": {"angle": 0, "axis": "y", "origin": [8, 16, 8]},
			"faces": {
				"north": {"uv": [0, 0, 16, 1], "texture": "#3"},
				"east": {"uv": [0, 0, 16, 1], "texture": "#3"},
				"south": {"uv": [0, 0, 16, 1], "texture": "#3"},
				"west": {"uv": [0, 0, 16, 1], "texture": "#3"},
				"up": {"uv": [0, 0, 16, 16], "texture": "#3"},
				"down": {"uv": [0, 0, 16, 16], "texture": "#3"}
			}
		},
		{
			"from": [5, 3.5, 1.5],
			"to": [11, 6.5, 2],
			"rotation": {"angle": 0, "axis": "y", "origin": [13, 12, 9]},
			"faces": {
				"north": {"uv": [1, 1, 7, 4], "texture": "#4"},
				"east": {"uv": [0, 0, 0.5, 3], "texture": "#4"},
				"west": {"uv": [0, 0, 0.5, 3], "texture": "#4"},
				"up": {"uv": [3, 1, 9, 2], "texture": "#4"},
				"down": {"uv": [10, 15, 16, 15.5], "texture": "#4"}
			}
		},
		{
			"from": [1, 7, 1],
			"to": [3, 8, 3],
			"rotation": {"angle": 0, "axis": "y", "origin": [9, 15, 9]},
			"faces": {
				"north": {"uv": [0, 0, 2, 1], "texture": "#1"},
				"east": {"uv": [0, 0, 2, 1], "texture": "#1"},
				"south": {"uv": [0, 0, 2, 1], "texture": "#1"},
				"west": {"uv": [0, 0, 2, 1], "texture": "#1"},
				"down": {"uv": [0, 0, 2, 2], "texture": "#1"}
			}
		},
		{
			"from": [13, 7, 1],
			"to": [15, 8, 3],
			"rotation": {"angle": 0, "axis": "y", "origin": [21, 15, 9]},
			"faces": {
				"north": {"uv": [0, 0, 2, 1], "texture": "#1"},
				"east": {"uv": [0, 0, 2, 1], "texture": "#1"},
				"south": {"uv": [0, 0, 2, 1], "texture": "#1"},
				"west": {"uv": [0, 0, 2, 1], "texture": "#1"},
				"down": {"uv": [0, 0, 2, 2], "texture": "#1"}
			}
		},
		{
			"from": [13, 7, 13],
			"to": [15, 8, 15],
			"rotation": {"angle": 0, "axis": "y", "origin": [21, 15, 21]},
			"faces": {
				"north": {"uv": [0, 0, 2, 1], "texture": "#1"},
				"east": {"uv": [0, 0, 2, 1], "texture": "#1"},
				"south": {"uv": [0, 0, 2, 1], "texture": "#1"},
				"west": {"uv": [0, 0, 2, 1], "texture": "#1"},
				"down": {"uv": [0, 0, 2, 2], "texture": "#1"}
			}
		},
		{
			"from": [1, 7, 13],
			"to": [3, 8, 15],
			"rotation": {"angle": 0, "axis": "y", "origin": [9, 15, 21]},
			"faces": {
				"north": {"uv": [0, 0, 2, 1], "texture": "#1"},
				"east": {"uv": [0, 0, 2, 1], "texture": "#1"},
				"south": {"uv": [0, 0, 2, 1], "texture": "#1"},
				"west": {"uv": [0, 0, 2, 1], "texture": "#1"},
				"down": {"uv": [0, 0, 2, 2], "texture": "#1"}
			}
		},
		{
			"name": "iron_sword_0",
			"from": [13, 8, 12],
			"to": [16, 11, 13],
			"rotation": {"angle": -22.5, "axis": "z", "origin": [8, 16, 5]},
			"faces": {
				"north": {"uv": [13, 0, 16, 3], "rotation": 180, "texture": "#5"},
				"east": {"uv": [15, 0, 16, 3], "rotation": 180, "texture": "#5"},
				"south": {"uv": [13, 3, 16, 0], "texture": "#5"},
				"west": {"uv": [13, 0, 14, 3], "rotation": 180, "texture": "#5"},
				"up": {"uv": [13, 2, 16, 3], "texture": "#5"},
				"down": {"uv": [3, 0, 0, 1], "rotation": 180, "texture": "#5"}
			}
		},
		{
			"name": "iron_sword_1",
			"from": [12, 9, 12],
			"to": [13, 14, 13],
			"rotation": {"angle": -22.5, "axis": "z", "origin": [8, 16, 5]},
			"faces": {
				"north": {"uv": [12, 1, 13, 6], "rotation": 180, "texture": "#5"},
				"east": {"uv": [12, 1, 13, 6], "rotation": 180, "texture": "#5"},
				"south": {"uv": [12, 6, 13, 1], "texture": "#5"},
				"west": {"uv": [12, 1, 13, 6], "rotation": 180, "texture": "#5"},
				"up": {"uv": [12, 5, 13, 6], "texture": "#5"},
				"down": {"uv": [3, 0, 0, 1], "rotation": 180, "texture": "#5"}
			}
		},
		{
			"name": "iron_sword_2",
			"from": [11, 10, 12],
			"to": [12, 15, 13],
			"rotation": {"angle": -22.5, "axis": "z", "origin": [8, 16, 5]},
			"faces": {
				"north": {"uv": [11, 2, 12, 7], "rotation": 180, "texture": "#5"},
				"east": {"uv": [11, 2, 12, 7], "rotation": 180, "texture": "#5"},
				"south": {"uv": [11, 7, 12, 2], "texture": "#5"},
				"west": {"uv": [11, 2, 12, 7], "rotation": 180, "texture": "#5"},
				"up": {"uv": [11, 6, 12, 7], "texture": "#5"},
				"down": {"uv": [3, 0, 0, 1], "rotation": 180, "texture": "#5"}
			}
		},
		{
			"name": "iron_sword_3",
			"from": [10, 11, 12],
			"to": [11, 16, 13],
			"rotation": {"angle": -22.5, "axis": "z", "origin": [8, 16, 5]},
			"faces": {
				"north": {"uv": [10, 3, 11, 8], "rotation": 180, "texture": "#5"},
				"east": {"uv": [10, 3, 11, 8], "rotation": 180, "texture": "#5"},
				"south": {"uv": [10, 8, 11, 3], "texture": "#5"},
				"west": {"uv": [10, 3, 11, 8], "rotation": 180, "texture": "#5"},
				"up": {"uv": [10, 7, 11, 8], "texture": "#5"},
				"down": {"uv": [3, 0, 0, 1], "rotation": 180, "texture": "#5"}
			}
		},
		{
			"name": "iron_sword_4",
			"from": [13, 11, 12],
			"to": [15, 12, 13],
			"rotation": {"angle": -22.5, "axis": "z", "origin": [8, 16, 5]},
			"faces": {
				"north": {"uv": [13, 3, 15, 4], "rotation": 180, "texture": "#5"},
				"east": {"uv": [14, 3, 15, 4], "rotation": 180, "texture": "#5"},
				"south": {"uv": [13, 4, 15, 3], "texture": "#5"},
				"west": {"uv": [13, 3, 14, 4], "rotation": 180, "texture": "#5"},
				"up": {"uv": [13, 3, 15, 4], "texture": "#5"},
				"down": {"uv": [3, 0, 0, 1], "rotation": 180, "texture": "#5"}
			}
		},
		{
			"name": "iron_sword_5",
			"from": [9, 12, 12],
			"to": [10, 17, 13],
			"rotation": {"angle": -22.5, "axis": "z", "origin": [8, 16, 5]},
			"faces": {
				"north": {"uv": [9, 4, 10, 9], "rotation": 180, "texture": "#5"},
				"east": {"uv": [9, 4, 10, 9], "rotation": 180, "texture": "#5"},
				"south": {"uv": [9, 9, 10, 4], "texture": "#5"},
				"west": {"uv": [9, 4, 10, 9], "rotation": 180, "texture": "#5"},
				"up": {"uv": [9, 8, 10, 9], "texture": "#5"},
				"down": {"uv": [3, 0, 0, 1], "rotation": 180, "texture": "#5"}
			}
		},
		{
			"name": "iron_sword_6",
			"from": [13, 12, 12],
			"to": [14, 13, 13],
			"rotation": {"angle": -22.5, "axis": "z", "origin": [8, 16, 5]},
			"faces": {
				"north": {"uv": [13, 4, 14, 5], "rotation": 180, "texture": "#5"},
				"east": {"uv": [13, 4, 14, 5], "rotation": 180, "texture": "#5"},
				"south": {"uv": [13, 5, 14, 4], "texture": "#5"},
				"west": {"uv": [13, 4, 14, 5], "rotation": 180, "texture": "#5"},
				"up": {"uv": [13, 4, 14, 5], "texture": "#5"},
				"down": {"uv": [3, 0, 0, 1], "rotation": 180, "texture": "#5"}
			}
		},
		{
			"name": "iron_sword_7",
			"from": [8, 13, 12],
			"to": [9, 18, 13],
			"rotation": {"angle": -22.5, "axis": "z", "origin": [8, 16, 5]},
			"faces": {
				"north": {"uv": [8, 5, 9, 10], "rotation": 180, "texture": "#5"},
				"east": {"uv": [8, 5, 9, 10], "rotation": 180, "texture": "#5"},
				"south": {"uv": [8, 10, 9, 5], "texture": "#5"},
				"west": {"uv": [8, 5, 9, 10], "rotation": 180, "texture": "#5"},
				"up": {"uv": [8, 9, 9, 10], "texture": "#5"},
				"down": {"uv": [3, 0, 0, 1], "rotation": 180, "texture": "#5"}
			}
		},
		{
			"name": "iron_sword_8",
			"from": [2, 14, 12],
			"to": [4, 16, 13],
			"rotation": {"angle": -22.5, "axis": "z", "origin": [8, 16, 5]},
			"faces": {
				"north": {"uv": [2, 6, 4, 8], "rotation": 180, "texture": "#5"},
				"east": {"uv": [3, 6, 4, 8], "rotation": 180, "texture": "#5"},
				"south": {"uv": [2, 8, 4, 6], "texture": "#5"},
				"west": {"uv": [2, 6, 3, 8], "rotation": 180, "texture": "#5"},
				"up": {"uv": [2, 7, 4, 8], "texture": "#5"},
				"down": {"uv": [3, 0, 0, 1], "rotation": 180, "texture": "#5"}
			}
		},
		{
			"name": "iron_sword_9",
			"from": [7, 14, 12],
			"to": [8, 21, 13],
			"rotation": {"angle": -22.5, "axis": "z", "origin": [8, 16, 5]},
			"faces": {
				"north": {"uv": [7, 6, 8, 13], "rotation": 180, "texture": "#5"},
				"east": {"uv": [7, 6, 8, 13], "rotation": 180, "texture": "#5"},
				"south": {"uv": [7, 13, 8, 6], "texture": "#5"},
				"west": {"uv": [7, 6, 8, 13], "rotation": 180, "texture": "#5"},
				"up": {"uv": [7, 12, 8, 13], "texture": "#5"},
				"down": {"uv": [3, 0, 0, 1], "rotation": 180, "texture": "#5"}
			}
		},
		{
			"name": "iron_sword_10",
			"from": [4, 15, 12],
			"to": [5, 21, 13],
			"rotation": {"angle": -22.5, "axis": "z", "origin": [8, 16, 5]},
			"faces": {
				"north": {"uv": [4, 7, 5, 13], "rotation": 180, "texture": "#5"},
				"east": {"uv": [4, 7, 5, 13], "rotation": 180, "texture": "#5"},
				"south": {"uv": [4, 13, 5, 7], "texture": "#5"},
				"west": {"uv": [4, 7, 5, 13], "rotation": 180, "texture": "#5"},
				"up": {"uv": [4, 12, 5, 13], "texture": "#5"},
				"down": {"uv": [3, 0, 0, 1], "rotation": 180, "texture": "#5"}
			}
		},
		{
			"name": "iron_sword_11",
			"from": [6, 15, 12],
			"to": [7, 21, 13],
			"rotation": {"angle": -22.5, "axis": "z", "origin": [8, 16, 5]},
			"faces": {
				"north": {"uv": [6, 7, 7, 13], "rotation": 180, "texture": "#5"},
				"east": {"uv": [6, 7, 7, 13], "rotation": 180, "texture": "#5"},
				"south": {"uv": [6, 13, 7, 7], "texture": "#5"},
				"west": {"uv": [6, 7, 7, 13], "rotation": 180, "texture": "#5"},
				"up": {"uv": [6, 12, 7, 13], "texture": "#5"},
				"down": {"uv": [3, 0, 0, 1], "rotation": 180, "texture": "#5"}
			}
		},
		{
			"name": "iron_sword_12",
			"from": [3, 16, 12],
			"to": [4, 18, 13],
			"rotation": {"angle": -22.5, "axis": "z", "origin": [8, 16, 5]},
			"faces": {
				"north": {"uv": [3, 8, 4, 10], "rotation": 180, "texture": "#5"},
				"east": {"uv": [3, 8, 4, 10], "rotation": 180, "texture": "#5"},
				"south": {"uv": [3, 10, 4, 8], "texture": "#5"},
				"west": {"uv": [3, 8, 4, 10], "rotation": 180, "texture": "#5"},
				"up": {"uv": [3, 9, 4, 10], "texture": "#5"},
				"down": {"uv": [3, 0, 0, 1], "rotation": 180, "texture": "#5"}
			}
		},
		{
			"name": "iron_sword_13",
			"from": [5, 16, 12],
			"to": [6, 20, 13],
			"rotation": {"angle": -22.5, "axis": "z", "origin": [8, 16, 5]},
			"faces": {
				"north": {"uv": [5, 8, 6, 12], "rotation": 180, "texture": "#5"},
				"east": {"uv": [5, 8, 6, 12], "rotation": 180, "texture": "#5"},
				"south": {"uv": [5, 12, 6, 8], "texture": "#5"},
				"west": {"uv": [5, 8, 6, 12], "rotation": 180, "texture": "#5"},
				"up": {"uv": [5, 11, 6, 12], "texture": "#5"},
				"down": {"uv": [3, 0, 0, 1], "rotation": 180, "texture": "#5"}
			}
		},
		{
			"name": "iron_sword_14",
			"from": [3, 19, 12],
			"to": [4, 22, 13],
			"rotation": {"angle": -22.5, "axis": "z", "origin": [8, 16, 5]},
			"faces": {
				"north": {"uv": [3, 11, 4, 14], "rotation": 180, "texture": "#5"},
				"east": {"uv": [3, 11, 4, 14], "rotation": 180, "texture": "#5"},
				"south": {"uv": [3, 14, 4, 11], "texture": "#5"},
				"west": {"uv": [3, 11, 4, 14], "rotation": 180, "texture": "#5"},
				"up": {"uv": [3, 13, 4, 14], "texture": "#5"},
				"down": {"uv": [3, 0, 0, 1], "rotation": 180, "texture": "#5"}
			}
		},
		{
			"name": "iron_sword_15",
			"from": [8, 19, 12],
			"to": [9, 22, 13],
			"rotation": {"angle": -22.5, "axis": "z", "origin": [8, 16, 5]},
			"faces": {
				"north": {"uv": [8, 11, 9, 14], "rotation": 180, "texture": "#5"},
				"east": {"uv": [8, 11, 9, 14], "rotation": 180, "texture": "#5"},
				"south": {"uv": [8, 14, 9, 11], "texture": "#5"},
				"west": {"uv": [8, 11, 9, 14], "rotation": 180, "texture": "#5"},
				"up": {"uv": [8, 13, 9, 14], "texture": "#5"},
				"down": {"uv": [3, 0, 0, 1], "rotation": 180, "texture": "#5"}
			}
		},
		{
			"name": "iron_sword_16",
			"from": [2, 20, 12],
			"to": [3, 24, 13],
			"rotation": {"angle": -22.5, "axis": "z", "origin": [8, 16, 5]},
			"faces": {
				"north": {"uv": [2, 12, 3, 16], "rotation": 180, "texture": "#5"},
				"east": {"uv": [2, 12, 3, 16], "rotation": 180, "texture": "#5"},
				"south": {"uv": [2, 16, 3, 12], "texture": "#5"},
				"west": {"uv": [2, 12, 3, 16], "rotation": 180, "texture": "#5"},
				"up": {"uv": [2, 15, 3, 16], "texture": "#5"},
				"down": {"uv": [3, 0, 0, 1], "rotation": 180, "texture": "#5"}
			}
		},
		{
			"name": "iron_sword_17",
			"from": [9, 20, 12],
			"to": [10, 22, 13],
			"rotation": {"angle": -22.5, "axis": "z", "origin": [8, 16, 5]},
			"faces": {
				"north": {"uv": [9, 12, 10, 14], "rotation": 180, "texture": "#5"},
				"east": {"uv": [9, 12, 10, 14], "rotation": 180, "texture": "#5"},
				"south": {"uv": [9, 14, 10, 12], "texture": "#5"},
				"west": {"uv": [9, 12, 10, 14], "rotation": 180, "texture": "#5"},
				"up": {"uv": [9, 13, 10, 14], "texture": "#5"},
				"down": {"uv": [3, 0, 0, 1], "rotation": 180, "texture": "#5"}
			}
		},
		{
			"name": "iron_sword_18",
			"from": [0, 21, 12],
			"to": [2, 24, 13],
			"rotation": {"angle": -22.5, "axis": "z", "origin": [8, 16, 5]},
			"faces": {
				"north": {"uv": [0, 13, 2, 16], "rotation": 180, "texture": "#5"},
				"east": {"uv": [1, 13, 2, 16], "rotation": 180, "texture": "#5"},
				"south": {"uv": [0, 16, 2, 13], "texture": "#5"},
				"west": {"uv": [0, 13, 1, 16], "rotation": 180, "texture": "#5"},
				"up": {"uv": [0, 15, 2, 16], "texture": "#5"},
				"down": {"uv": [3, 0, 0, 1], "rotation": 180, "texture": "#5"}
			}
		},
		{
			"name": "chainmail_helmet_0",
			"from": [4, 9, 3],
			"to": [10, 10, 11],
			"rotation": {"angle": -22.5, "axis": "y", "origin": [7, 17, 6]},
			"faces": {
				"north": {"uv": [5, 10, 11, 11], "texture": "#7"},
				"east": {"uv": [5, 3, 6, 11], "rotation": 270, "texture": "#7"},
				"south": {"uv": [11, 3, 5, 4], "texture": "#7"},
				"west": {"uv": [10, 3, 11, 11], "rotation": 90, "texture": "#7"},
				"up": {"uv": [5, 3, 11, 11], "rotation": 180, "texture": "#7"},
				"down": {"uv": [5, 11, 11, 3], "rotation": 180, "texture": "#7"}
			}
		},
		{
			"name": "chainmail_helmet_1",
			"from": [10, 9, 2],
			"to": [11, 10, 10],
			"rotation": {"angle": -22.5, "axis": "y", "origin": [7, 17, 6]},
			"faces": {
				"north": {"uv": [4, 11, 5, 12], "texture": "#7"},
				"east": {"uv": [4, 4, 5, 12], "rotation": 270, "texture": "#7"},
				"south": {"uv": [5, 4, 4, 5], "texture": "#7"},
				"west": {"uv": [4, 4, 5, 12], "rotation": 90, "texture": "#7"},
				"up": {"uv": [4, 4, 5, 12], "rotation": 180, "texture": "#7"},
				"down": {"uv": [4, 12, 5, 4], "rotation": 180, "texture": "#7"}
			}
		},
		{
			"name": "chainmail_helmet_2",
			"from": [3, 9, 2],
			"to": [4, 10, 10],
			"rotation": {"angle": -22.5, "axis": "y", "origin": [7, 17, 6]},
			"faces": {
				"north": {"uv": [11, 11, 12, 12], "texture": "#7"},
				"east": {"uv": [11, 4, 12, 12], "rotation": 270, "texture": "#7"},
				"south": {"uv": [12, 4, 11, 5], "texture": "#7"},
				"west": {"uv": [11, 4, 12, 12], "rotation": 90, "texture": "#7"},
				"up": {"uv": [11, 4, 12, 12], "rotation": 180, "texture": "#7"},
				"down": {"uv": [11, 12, 12, 4], "rotation": 180, "texture": "#7"}
			}
		},
		{
			"name": "chainmail_helmet_3",
			"from": [11, 9, 3],
			"to": [12, 10, 9],
			"rotation": {"angle": -22.5, "axis": "y", "origin": [7, 17, 6]},
			"faces": {
				"north": {"uv": [3, 10, 4, 11], "texture": "#7"},
				"east": {"uv": [3, 5, 4, 11], "rotation": 270, "texture": "#7"},
				"south": {"uv": [4, 5, 3, 6], "texture": "#7"},
				"west": {"uv": [3, 5, 4, 11], "rotation": 90, "texture": "#7"},
				"up": {"uv": [3, 5, 4, 11], "rotation": 180, "texture": "#7"},
				"down": {"uv": [3, 11, 4, 5], "rotation": 180, "texture": "#7"}
			}
		},
		{
			"name": "chainmail_helmet_4",
			"from": [2, 9, 3],
			"to": [3, 10, 9],
			"rotation": {"angle": -22.5, "axis": "y", "origin": [7, 17, 6]},
			"faces": {
				"north": {"uv": [12, 10, 13, 11], "texture": "#7"},
				"east": {"uv": [12, 5, 13, 11], "rotation": 270, "texture": "#7"},
				"south": {"uv": [13, 5, 12, 6], "texture": "#7"},
				"west": {"uv": [12, 5, 13, 11], "rotation": 90, "texture": "#7"},
				"up": {"uv": [12, 5, 13, 11], "rotation": 180, "texture": "#7"},
				"down": {"uv": [12, 11, 13, 5], "rotation": 180, "texture": "#7"}
			}
		},
		{
			"name": "chainmail_helmet_5",
			"from": [9, 9, 2],
			"to": [10, 10, 3],
			"rotation": {"angle": -22.5, "axis": "y", "origin": [7, 17, 6]},
			"faces": {
				"north": {"uv": [5, 11, 6, 12], "texture": "#7"},
				"east": {"uv": [5, 11, 6, 12], "rotation": 270, "texture": "#7"},
				"south": {"uv": [6, 11, 5, 12], "texture": "#7"},
				"west": {"uv": [5, 11, 6, 12], "rotation": 90, "texture": "#7"},
				"up": {"uv": [5, 11, 6, 12], "rotation": 180, "texture": "#7"},
				"down": {"uv": [5, 12, 6, 11], "rotation": 180, "texture": "#7"}
			}
		},
		{
			"name": "chainmail_helmet_6",
			"from": [4, 9, 2],
			"to": [5, 10, 3],
			"rotation": {"angle": -22.5, "axis": "y", "origin": [7, 17, 6]},
			"faces": {
				"north": {"uv": [10, 11, 11, 12], "texture": "#7"},
				"east": {"uv": [10, 11, 11, 12], "rotation": 270, "texture": "#7"},
				"south": {"uv": [11, 11, 10, 12], "texture": "#7"},
				"west": {"uv": [10, 11, 11, 12], "rotation": 90, "texture": "#7"},
				"up": {"uv": [10, 11, 11, 12], "rotation": 180, "texture": "#7"},
				"down": {"uv": [10, 12, 11, 11], "rotation": 180, "texture": "#7"}
			}
		}
	],
	"display": {
		"head": {
			"translation": [0, -17.6, 0],
			"scale": [3.2, 3.2, 3.2]
		}
	},
	"groups": [0, 1, 2, 3, 4, 5, 6, 7, 8,
		{
			"name": "iron_sword",
			"origin": [8, 8, 8],
			"children": [9, 10, 11, 12, 13, 14, 15, 16, 17, 18, 19, 20, 21, 22, 23, 24, 25, 26, 27]
		},
		{
			"name": "chainmail_helmet",
			"origin": [8, 8, 8],
			"children": [28, 29, 30, 31, 32, 33, 34]
		}
	]
}