{
	"credit": "Made with Blockbench",
	"textures": {
		"0": "block/black_concrete",
		"particle": "block/black_concrete"
	},
	"elements": [
		{
			"from": [4, 3, 5],
			"to": [12, 4, 5],
			"rotation": {"angle": 0, "axis": "y", "origin": [12, 11, 12]},
			"faces": {
				"north": {"uv": [0, 0, 8, 1], "texture": "#0"},
				"east": {"uv": [0, 0, 0, 1], "texture": "#0"},
				"south": {"uv": [0, 0, 8, 1], "texture": "#0"},
				"west": {"uv": [0, 0, 0, 1], "texture": "#0"},
				"up": {"uv": [0, 0, 8, 0], "texture": "#missing"},
				"down": {"uv": [0, 0, 8, 0], "texture": "#missing"}
			}
		},
		{
			"from": [4, 5, 5],
			"to": [12, 6, 5],
			"rotation": {"angle": 0, "axis": "y", "origin": [12, 13, 12]},
			"faces": {
				"north": {"uv": [0, 0, 8, 1], "texture": "#0"},
				"east": {"uv": [0, 0, 0, 1], "texture": "#0"},
				"south": {"uv": [0, 0, 8, 1], "texture": "#0"},
				"west": {"uv": [0, 0, 0, 1], "texture": "#0"},
				"up": {"uv": [0, 0, 8, 0], "texture": "#missing"},
				"down": {"uv": [0, 0, 8, 0], "texture": "#missing"}
			}
		},
		{
			"from": [4, 4, 13.25],
			"to": [12, 5, 13.25],
			"rotation": {"angle": 0, "axis": "y", "origin": [12, 12, 20.25]},
			"faces": {
				"north": {"uv": [0, 0, 8, 1], "texture": "#0"},
				"east": {"uv": [0, 0, 0, 1], "texture": "#missing"},
				"south": {"uv": [0, 0, 8, 1], "texture": "#0"},
				"west": {"uv": [0, 0, 0, 1], "texture": "#missing"},
				"up": {"uv": [0, 0, 8, 0], "texture": "#missing"},
				"down": {"uv": [0, 0, 8, 0], "texture": "#missing"}
			}
		},
		{
			"from": [7, 4, 5],
			"to": [9, 5, 5],
			"rotation": {"angle": 0, "axis": "y", "origin": [15, 12, 12]},
			"faces": {
				"north": {"uv": [0, 0, 2, 1], "texture": "#0"},
				"east": {"uv": [0, 0, 0, 1], "texture": "#0"},
				"south": {"uv": [0, 0, 2, 1], "texture": "#0"},
				"west": {"uv": [0, 0, 0, 1], "texture": "#0"},
				"up": {"uv": [0, 0, 2, 0], "texture": "#missing"},
				"down": {"uv": [0, 0, 2, 0], "texture": "#missing"}
			}
		},
		{
			"from": [4, 4, 5],
			"to": [5, 5, 5],
			"rotation": {"angle": 0, "axis": "y", "origin": [12, 12, 12]},
			"faces": {
				"north": {"uv": [0, 0, 1, 1], "texture": "#0"},
				"east": {"uv": [0, 0, 0, 1], "texture": "#0"},
				"south": {"uv": [0, 0, 1, 1], "texture": "#0"},
				"west": {"uv": [0, 0, 0, 1], "texture": "#0"},
				"up": {"uv": [0, 0, 1, 0], "texture": "#missing"},
				"down": {"uv": [0, 0, 1, 0], "texture": "#missing"}
			}
		},
		{
			"from": [11, 4, 5],
			"to": [12, 5, 5],
			"rotation": {"angle": 0, "axis": "y", "origin": [19, 12, 12]},
			"faces": {
				"north": {"uv": [0, 0, 1, 1], "texture": "#0"},
				"east": {"uv": [0, 0, 0, 1], "texture": "#0"},
				"south": {"uv": [0, 0, 1, 1], "texture": "#0"},
				"west": {"uv": [0, 0, 0, 1], "texture": "#0"},
				"up": {"uv": [0, 0, 1, 0], "texture": "#missing"},
				"down": {"uv": [0, 0, 1, 0], "texture": "#missing"}
			}
		},
		{
			"from": [4, 4, 5],
			"to": [4, 5, 13.25],
			"rotation": {"angle": 0, "axis": "y", "origin": [11, 12, 13]},
			"faces": {
				"north": {"uv": [0, 0, 0, 1], "texture": "#0"},
				"east": {"uv": [0, 0, 8.25, 1], "texture": "#0"},
				"south": {"uv": [0, 0, 0, 1], "texture": "#0"},
				"west": {"uv": [0, 0, 8.25, 1], "texture": "#0"},
				"up": {"uv": [0, 0, 0, 8.25], "texture": "#missing"},
				"down": {"uv": [0, 0, 0, 8.25], "texture": "#missing"}
			}
		},
		{
			"from": [12, 4, 5],
			"to": [12, 5, 13.25],
			"rotation": {"angle": 0, "axis": "y", "origin": [19, 12, 13]},
			"faces": {
				"north": {"uv": [0, 0, 0, 1], "texture": "#0"},
				"east": {"uv": [0, 0, 8.25, 1], "texture": "#0"},
				"south": {"uv": [0, 0, 0, 1], "texture": "#0"},
				"west": {"uv": [0, 0, 8.25, 1], "texture": "#0"},
				"up": {"uv": [0, 0, 0, 8.25], "texture": "#missing"},
				"down": {"uv": [0, 0, 0, 8.25], "texture": "#missing"}
			}
		}
	],
	"display": {
		"gui": {
			"rotation": [-6, 0, 0],
			"translation": [0, 3.5, 0]
		},
		"head": {
			"translation": [0, 1.25, -1.75],
			"scale": [1.61, 1.61, 1.61]
		}
	}
}