{
	"credit": "Made with Blockbench",
	"textures": {
		"0": "block/nether_bricks",
		"particle": "block/nether_bricks"
	},
	"elements": [
		{
			"from": [6, 8, 6],
			"to": [10, 16, 10],
			"rotation": {"angle": 0, "axis": "y", "origin": [16, 16, 14]},
			"faces": {
				"north": {"uv": [5, 3, 9, 11], "texture": "#0"},
				"east": {"uv": [8, 4, 12, 12], "texture": "#0"},
				"south": {"uv": [5, 5, 9, 13], "texture": "#0"},
				"west": {"uv": [8, 1, 12, 9], "texture": "#0"},
				"up": {"uv": [4, 3, 8, 7], "texture": "#0"},
				"down": {"uv": [0, 0, 4, 4], "texture": "#0"}
			}
		}
	]
}