{
	"credit": "Made with Blockbench",
	"texture_size": [32, 32],
	"textures": {
		"0": "block/custom/vent",
		"particle": "block/custom/vent"
	},
	"elements": [
		{
			"from": [2, 2, 15],
			"to": [14, 10, 16],
			"rotation": {"angle": 0, "axis": "y", "origin": [8, 9, 23]},
			"faces": {
				"north": {"uv": [0.5, 0.5, 6.5, 4.5], "texture": "#0"},
				"east": {"uv": [0, 0.5, 0.5, 4.5], "texture": "#0"},
				"south": {"uv": [7, 0.5, 13, 4.5], "texture": "#0"},
				"west": {"uv": [6.5, 0.5, 7, 4.5], "texture": "#0"},
				"up": {"uv": [6.5, 0.5, 0.5, 0], "texture": "#0"},
				"down": {"uv": [12.5, 0, 6.5, 0.5], "texture": "#0"}
			}
		}
	],
	"display": {
		"ground": {
			"translation": [0, 0, -7]
		},
		"fixed": {
			"translation": [0, 0, -8]
		}
	}
}