{
	"credit": "Made with Blockbench",
	"textures": {
		"0": "block/cctv_post",
		"1": "block/nether_bricks",
		"particle": "block/cctv_post"
	},
	"elements": [
		{
			"from": [6, 8, 6],
			"to": [10, 16, 10],
			"rotation": {"angle": 0, "axis": "y", "origin": [16, 16, 14]},
			"faces": {
				"north": {"uv": [0, 0, 4, 8], "texture": "#0"},
				"east": {"uv": [12, 0, 16, 8], "texture": "#0"},
				"south": {"uv": [8, 0, 12, 8], "texture": "#0"},
				"west": {"uv": [4, 0, 8, 8], "texture": "#0"},
				"down": {"uv": [3, 9, 7, 13], "texture": "#1"}
			}
		}
	]
}