{
	"credit": "Made with Blockbench",
	"textures": {
		"0": "block/custom/solar_side",
		"1": "block/custom/solar_top",
		"particle": "block/custom/solar_side"
	},
	"elements": [
		{
			"from": [0, 8, 0],
			"to": [16, 16, 16],
			"rotation": {"angle": 0, "axis": "y", "origin": [8, 16, 8]},
			"faces": {
				"north": {"uv": [0, 8, 16, 16], "texture": "#0"},
				"east": {"uv": [0, 8, 16, 16], "texture": "#0"},
				"south": {"uv": [0, 8, 16, 16], "texture": "#0"},
				"west": {"uv": [0, 8, 16, 16], "texture": "#0"},
				"up": {"uv": [0, 0, 16, 16], "texture": "#1"},
				"down": {"uv": [0, 0, 16, 16], "rotation": 270, "texture": "#0"}
			}
		}
	]
}